,docs_code,docs_title,article_index,subject_title
962,43/2016/TT-BCA,Thông tư số 43/2016/TT-BCA,Điều 2,Bảo hiểm y tế
982,25/2008/QH12,Luật số 25/2008/QH12,Điều 5,Bảo hiểm y tế
1109,43/2016/TT-BCA,Thông tư số 43/2016/TT-BCA,Điều 21,Bảo hiểm y tế
1110,43/2016/TT-BCA,Thông tư số 43/2016/TT-BCA,Điều 22,Bảo hiểm y tế
1137,43/2016/TT-BCA,Thông tư số 43/2016/TT-BCA,Điều 18,Bảo hiểm y tế
1138,43/2016/TT-BCA,Thông tư số 43/2016/TT-BCA,Điều 19,Bảo hiểm y tế
1161,43/2016/TT-BCA,Thông tư số 43/2016/TT-BCA,Điều 20,Bảo hiểm y tế
1169,43/2016/TT-BCA,Thông tư số 43/2016/TT-BCA,Điều 24,Bảo hiểm y tế
1180,43/2016/TT-BCA,Thông tư số 43/2016/TT-BCA,Điều 15,Bảo hiểm y tế
1181,43/2016/TT-BCA,Thông tư số 43/2016/TT-BCA,Điều 17,Bảo hiểm y tế
1186,09/2019/TT-BYT,Thông tư số 09/2019/TT-BYT,Điều 3,Bảo hiểm y tế
1204,39/2018/TT-BYT,Thông tư số 39/2018/TT-BYT,Điều 2,Bảo hiểm y tế
1216,25/2008/QH12,Luật số 25/2008/QH12,Điều 33,Bảo hiểm y tế
1277,46/2014/QH13,Luật số 46/2014/QH13,Điều 2,Bảo hiểm y tế
1281,70/2015/NĐ-CP,Nghị định số 70/2015/NĐ-CP,Điều 26,Bảo hiểm y tế
1286,43/2016/TT-BCA,Thông tư số 43/2016/TT-BCA,Điều 31,Bảo hiểm y tế
1287,43/2016/TT-BCA,Thông tư số 43/2016/TT-BCA,Điều 32,Bảo hiểm y tế
1302,139/2002/QĐ-TTG,Quyết định số 139/2002/QĐ-TTg,Điều 8,Bảo hiểm y tế
1310,27/2020/TT-BYT,Thông tư số 27/2020/TT-BYT,Điều 2,Bảo hiểm y tế
1314,37/2015/TTLT-BYT-BTC,Thông tư liên tịch số 37/2015/TTLT-BYT-BTC,Điều 8,Bảo hiểm y tế
1342,43/2016/TT-BCA,Thông tư số 43/2016/TT-BCA,Điều 35,Bảo hiểm y tế
1359,13/2019/TT-BYT,Thông tư số 13/2019/TT-BYT,Điều 4,Bảo hiểm y tế
1362,09/2019/TT-BYT,Thông tư số 09/2019/TT-BYT,Điều 5,Bảo hiểm y tế
1369,35/2021/TT-BYT,Thông tư số 35/2021/TT-BYT,Điều 15,Bảo hiểm y tế
1382,46/2023/NĐ-CP,Nghị định số 46/2023/NĐ-CP,Điều 1,Kinh doanh bảo hiểm
1398,69/2022/TT-BTC,Thông tư số 69/2022/TT-BTC,Điều 1,Kinh doanh bảo hiểm
1400,70/2022/TT-BTC,Thông tư số 70/2022/TT-BTC,Điều 1,Kinh doanh bảo hiểm
1749,58/2018/NĐ-CP,Nghị định số 58/2018/NĐ-CP,Điều 18,Kinh doanh bảo hiểm
1750,13/2022/QĐ-TTG,Quyết định số 13/2022/QĐ-TTg,Điều 3,Kinh doanh bảo hiểm
1756,13/2022/QĐ-TTG,Quyết định số 13/2022/QĐ-TTg,Điều 6,Kinh doanh bảo hiểm
1857,50/2017/TT-BTC,Thông tư số 50/2017/TT-BTC,Điều 40,Kinh doanh bảo hiểm
1966,08/2022/QH15,Luật số 08/2022/QH15,Điều 141,Kinh doanh bảo hiểm
2028,102/2011/NĐ-CP,Nghị định số 102/2011/NĐ-CP,Điều 15,Kinh doanh bảo hiểm
2029,102/2011/NĐ-CP,Nghị định số 102/2011/NĐ-CP,Điều 17,Kinh doanh bảo hiểm
2039,13/2012/TT-BTC,Thông tư số 13/2012/TT-BTC,Điều 37,Kinh doanh bảo hiểm
2062,166/2015/TT-BTC,Thông tư số 166/2015/TT-BTC,Điều 2,An toàn thông tin mạng
2186,13/2018/TT-BTTTT,Thông tư số 13/2018/TT-BTTTT,Điều 6,An toàn thông tin mạng
2258,35/2016/TT-BTTTT,Thông tư số 35/2016/TT-BTTTT,Điều 2,Bưu chính
2268,49/2010/QH12,Luật số 49/2010/QH12,Điều 4,Bưu chính
2432,55/2016/QĐ-TTG,Quyết định số 55/2016/QĐ-TTg,Điều 13,Bưu chính
2505,64/2007/NĐ-CP,Nghị định số 64/2007/NĐ-CP,Điều 1,Công nghệ thông tin
2527,20/2020/QĐ-TTG,Quyết định số 20/2020/QĐ-TTg,Điều 2,Công nghệ thông tin
2639,67/2006/QH11,Luật số 67/2006/QH11,Điều 7,Công nghệ thông tin
2645,64/2007/NĐ-CP,Nghị định số 64/2007/NĐ-CP,Điều 49,Công nghệ thông tin
2771,64/2007/NĐ-CP,Nghị định số 64/2007/NĐ-CP,Điều 32,Công nghệ thông tin
3103,29/2017/TT-BTNMT,Thông tư số 29/2017/TT-BTNMT,Điều 4,Công nghệ thông tin
3106,29/2017/TT-BTNMT,Thông tư số 29/2017/TT-BTNMT,Điều 7,Công nghệ thông tin
3273,154/2013/NĐ-CP,Nghị định số 154/2013/NĐ-CP,Điều 23,Công nghệ thông tin
3276,67/2006/QH11,Luật số 67/2006/QH11,Điều 52,Công nghệ thông tin
3336,73/2019/NĐ-CP,Nghị định số 73/2019/NĐ-CP,Điều 25,Công nghệ thông tin
3457,67/2006/QH11,Luật số 67/2006/QH11,Điều 78,Công nghệ thông tin
3458,67/2006/QH11,Luật số 67/2006/QH11,Điều 79,Công nghệ thông tin
3461,71/2007/NĐ-CP,Nghị định số 71/2007/NĐ-CP,Điều 31,Công nghệ thông tin
3464,43/2011/NĐ-CP,Nghị định số 43/2011/NĐ-CP,Điều 33,Công nghệ thông tin
3473,73/2017/NĐ-CP,Nghị định số 73/2017/NĐ-CP,Điều 33,Công nghệ thông tin
3487,43/2021/NĐ-CP,Nghị định số 43/2021/NĐ-CP,Điều 24,Công nghệ thông tin
3499,07/2012/TTLT-BTTTT-BVHTTDL,Thông tư liên tịch số 07/2012/TTLT-BTTTT-BVHTTDL,Điều 7,Công nghệ thông tin
3504,09/2013/TT-BTTTT,Thông tư số 09/2013/TT-BTTTT,Điều 4,Công nghệ thông tin
3506,03/2014/TT-BTTTT,Thông tư số 03/2014/TT-BTTTT,Điều 3,Công nghệ thông tin
3512,110/2014/TT-BQP,Thông tư số 110/2014/TT-BQP,Điều 3,Công nghệ thông tin
3517,53/2014/TT-BYT,Thông tư số 53/2014/TT-BYT,Điều 7,Công nghệ thông tin
3521,25/2014/TT-BTTTT,Thông tư số 25/2014/TT-BTTTT,Điều 12,Công nghệ thông tin
3533,17/2016/TT-BTNMT,Thông tư số 17/2016/TT-BTNMT,Điều 2,Công nghệ thông tin
3536,43/2016/TT-BTTTT,Thông tư số 43/2016/TT-BTTTT,Điều 4,Công nghệ thông tin
3539,02/2017/TT-BTTTT,Thông tư số 02/2017/TT-BTTTT,Điều 2,Công nghệ thông tin
3544,29/2017/TT-BTNMT,Thông tư số 29/2017/TT-BTNMT,Điều 12,Công nghệ thông tin
3569,80/2020/TT-BCA,Thông tư số 80/2020/TT-BCA,Điều 8,Công nghệ thông tin
3590,12/2012/TT-BTTTT,Thông tư số 12/2012/TT-BTTTT,Điều 1,Tần số vô tuyến điện
3638,71/2013/QĐ-TTG,Quyết định số 71/2013/QĐ-TTg,Điều 1,Tần số vô tuyến điện
3746,42/2009/QH12,Luật số 42/2009/QH12,Điều 28,Tần số vô tuyến điện
3771,02/2016/TT-BTTTT,Thông tư số 02/2016/TT-BTTTT,Điều 19,Tần số vô tuyến điện
3803,20/2012/TT-BTTTT,Thông tư số 20/2012/TT-BTTTT,Điều 2,Tần số vô tuyến điện
3805,15/2013/TT-BTTTT,Thông tư số 15/2013/TT-BTTTT,Điều 2,Tần số vô tuyến điện
3807,10/2013/TTLT-BTTTT-BQP-BCA,Thông tư liên tịch số 10/2013/TTLT-BTTTT-BQP-BCA,Điều 11,Tần số vô tuyến điện
3809,16/2013/TT-BTTTT,Thông tư số 16/2013/TT-BTTTT,Điều 2,Tần số vô tuyến điện
3811,18/2013/TT-BTTTT,Thông tư số 18/2013/TT-BTTTT,Điều 2,Tần số vô tuyến điện
3813,19/2013/TT-BTTTT,Thông tư số 19/2013/TT-BTTTT,Điều 4,Tần số vô tuyến điện
3818,29/2014/TT-BTTTT,Thông tư số 29/2014/TT-BTTTT,Điều 2,Tần số vô tuyến điện
3823,14/2015/TT-BTTTT,Thông tư số 14/2015/TT-BTTTT,Điều 2,Tần số vô tuyến điện
3825,02/2016/TT-BTTTT,Thông tư số 02/2016/TT-BTTTT,Điều 23,Tần số vô tuyến điện
3841,14/2019/TT-BTTTT,Thông tư số 14/2019/TT-BTTTT,Điều 2,Tần số vô tuyến điện
3877,06/2017/TT-BTP,Thông tư số 06/2017/TT-BTP,Điều 11,Đấu giá tài sản
4015,18/2014/TT-BTP,Thông tư số 18/2014/TT-BTP,Điều 17,Đấu giá tài sản
4022,02/2022/TT-BTP,Thông tư số 02/2022/TT-BTP,Điều 10,Đấu giá tài sản
4033,35/2014/TT-BKHCN,Thông tư số 35/2014/TT-BKHCN,Điều 2,Giám định tư pháp
4046,40/2022/TT-BTC,Thông tư số 40/2022/TT-BTC,Điều 2,Giám định tư pháp
4051,13/2012/QH13,Luật số 13/2012/QH13,Điều 3,Giám định tư pháp
4087,49/2017/TT-BCA,Thông tư số 49/2017/TT-BCA,Điều 5,Giám định tư pháp
4134,40/2022/TT-BTC,Thông tư số 40/2022/TT-BTC,Điều 3,Giám định tư pháp
4197,44/2014/TT-BTNMT,Thông tư số 44/2014/TT-BTNMT,Điều 4,Giám định tư pháp
4239,35/2014/TT-BKHCN,Thông tư số 35/2014/TT-BKHCN,Điều 7,Giám định tư pháp
4270,30/2016/TT-BCT,Thông tư số 30/2016/TT-BCT,Điều 6,Giám định tư pháp
4299,09/2023/TT-BTP,Thông tư số 09/2023/TT-BTP,Điều 19,Giám định tư pháp
4377,65/2006/QH11,Luật số 65/2006/QH11,Điều 39,Luật sư
4552,11/2017/QH14,Luật số 11/2017/QH14,Điều 27,Trợ giúp pháp lý
6725,100/2009/NĐ-CP,Nghị định số 100/2009/NĐ-CP,Điều 6,Dầu khí
6776,36/2013/TT-BCT,Thông tư số 36/2013/TT-BCT,Điều 9,Khuyến công
7735,59/2020/QH14,Luật số 59/2020/QH14,Điều 2,Doanh nghiệp
8143,14/2016/TT-BTC,Thông tư số 14/2016/TT-BTC,Điều 6,Doanh nghiệp
8432,148/2017/NĐ-CP,Nghị định số 148/2017/NĐ-CP,Điều 11,Doanh nghiệp
8436,148/2017/NĐ-CP,Nghị định số 148/2017/NĐ-CP,Điều 15,Doanh nghiệp
8580,147/2017/NĐ-CP,Nghị định số 147/2017/NĐ-CP,Điều 3,Doanh nghiệp
9082,39/2019/NĐ-CP,Nghị định số 39/2019/NĐ-CP,Điều 58,Hỗ trợ doanh nghiệp nhỏ và vừa
9102,04/2017/QH14,Luật số 04/2017/QH14,Điều 34,Hỗ trợ doanh nghiệp nhỏ và vừa
9148,77/2019/NĐ-CP,Nghị định số 77/2019/NĐ-CP,Điều 2,Hợp tác xã
9290,52/2022/TT-BTC,Thông tư số 52/2022/TT-BTC,Điều 19,Hợp tác xã
9439,77/2019/NĐ-CP,Nghị định số 77/2019/NĐ-CP,Điều 4,Hợp tác xã
9529,159/2018/NĐ-CP,Nghị định số 159/2018/NĐ-CP,Điều 1,Giao thông đường thủy nội địa
9534,08/2021/NĐ-CP,Nghị định số 08/2021/NĐ-CP,Điều 2,Giao thông đường thủy nội địa
9559,80/2014/TT-BGTVT,Thông tư số 80/2014/TT-BGTVT,Điều 1,Giao thông đường thủy nội địa
9570,15/2016/TT-BGTVT,Thông tư số 15/2016/TT-BGTVT,Điều 2,Giao thông đường thủy nội địa
9571,46/2016/TT-BGTVT,Thông tư số 46/2016/TT-BGTVT,Điều 1,Giao thông đường thủy nội địa
9584,33/2019/TT-BGTVT,Thông tư số 33/2019/TT-BGTVT,Điều 2,Giao thông đường thủy nội địa
9591,18/2021/TT-BGTVT,Thông tư số 18/2021/TT-BGTVT,Điều 1,Giao thông đường thủy nội địa
9594,36/2021/TT-BGTVT,Thông tư số 36/2021/TT-BGTVT,Điều 1,Giao thông đường thủy nội địa
9595,36/2021/TT-BGTVT,Thông tư số 36/2021/TT-BGTVT,Điều 2,Giao thông đường thủy nội địa
9600,56/2022/TT-BCA,Thông tư số 56/2022/TT-BCA,Điều 2,Giao thông đường thủy nội địa
9625,15/2016/TT-BGTVT,Thông tư số 15/2016/TT-BGTVT,Điều 3,Giao thông đường thủy nội địa
9650,23/2004/QH11,Luật số 23/2004/QH11,Điều 9,Giao thông đường thủy nội địa
9743,35/2012/TT-BGTVT,Thông tư số 35/2012/TT-BGTVT,Điều 6,Giao thông đường thủy nội địa
9816,15/2016/TT-BGTVT,Thông tư số 15/2016/TT-BGTVT,Điều 19,Giao thông đường thủy nội địa
9840,49/2017/TT-BGTVT,Thông tư số 49/2017/TT-BGTVT,Điều 1,Giao thông đường thủy nội địa
9866,21/2022/TT-BGTVT,Thông tư số 21/2022/TT-BGTVT,Điều 4,Giao thông đường thủy nội địa
9868,21/2022/TT-BGTVT,Thông tư số 21/2022/TT-BGTVT,Điều 6,Giao thông đường thủy nội địa
9878,23/2004/QH11,Luật số 23/2004/QH11,Điều 23,Giao thông đường thủy nội địa
9925,22/2012/TTLT-BGTVT-BVHTTDL,Thông tư liên tịch số 22/2012/TTLT-BGTVT-BVHTTDL,Điều 7,Giao thông đường thủy nội địa
10024,23/2004/QH11,Luật số 23/2004/QH11,Điều 59,Giao thông đường thủy nội địa
10026,23/2004/QH11,Luật số 23/2004/QH11,Điều 61,Giao thông đường thủy nội địa
10027,23/2004/QH11,Luật số 23/2004/QH11,Điều 62,Giao thông đường thủy nội địa
10028,23/2004/QH11,Luật số 23/2004/QH11,Điều 63,Giao thông đường thủy nội địa
10029,23/2004/QH11,Luật số 23/2004/QH11,Điều 64,Giao thông đường thủy nội địa
10033,23/2004/QH11,Luật số 23/2004/QH11,Điều 68,Giao thông đường thủy nội địa
10062,26/2017/TT-BGTVT,Thông tư số 26/2017/TT-BGTVT,Điều 7,Giao thông đường thủy nội địa
10150,23/2004/QH11,Luật số 23/2004/QH11,Điều 98,Giao thông đường thủy nội địa
10275,23/2004/QH11,Luật số 23/2004/QH11,Điều 102,Giao thông đường thủy nội địa
10276,23/2004/QH11,Luật số 23/2004/QH11,Điều 103,Giao thông đường thủy nội địa
10284,111/2014/NĐ-CP,Nghị định số 111/2014/NĐ-CP,Điều 12,Giao thông đường thủy nội địa
10294,54/2022/NĐ-CP,Nghị định số 54/2022/NĐ-CP,Điều 3,Giao thông đường thủy nội địa
10298,48/2019/NĐ-CP,Nghị định số 48/2019/NĐ-CP,Điều 29,Giao thông đường thủy nội địa
10313,30/2004/QĐ-BGTVT,Quyết định số 30/2004/QĐ-BGTVT,Điều 2,Giao thông đường thủy nội địa
10317,31/2004/QĐ-BGTVT,Quyết định số 31/2004/QĐ-BGTVT,Điều 3,Giao thông đường thủy nội địa
10328,03/2013/TT-BGTVT,Thông tư số 03/2013/TT-BGTVT,Điều 13,Giao thông đường thủy nội địa
10332,35/2012/TT-BGTVT,Thông tư số 35/2012/TT-BGTVT,Điều 11,Giao thông đường thủy nội địa
10334,49/2018/TT-BGTVT,Thông tư số 49/2018/TT-BGTVT,Điều 13,Giao thông đường thủy nội địa
10336,43/2012/TT-BGTVT,Thông tư số 43/2012/TT-BGTVT,Điều 16,Giao thông đường thủy nội địa
10342,26/2013/TT-BGTVT,Thông tư số 26/2013/TT-BGTVT,Điều 14,Giao thông đường thủy nội địa
10344,57/2013/TT-BGTVT,Thông tư số 57/2013/TT-BGTVT,Điều 18,Giao thông đường thủy nội địa
10349,69/2014/TT-BGTVT,Thông tư số 69/2014/TT-BGTVT,Điều 10,Giao thông đường thủy nội địa
10353,79/2014/TT-BGTVT,Thông tư số 79/2014/TT-BGTVT,Điều 2,Giao thông đường thủy nội địa
10357,59/2015/TT-BGTVT,Thông tư số 59/2015/TT-BGTVT,Điều 26,Giao thông đường thủy nội địa
10359,04/2015/TT-BGTVT,Thông tư số 04/2015/TT-BGTVT,Điều 2,Giao thông đường thủy nội địa
10361,45/2015/TT-BGTVT,Thông tư số 45/2015/TT-BGTVT,Điều 2,Giao thông đường thủy nội địa
10369,61/2015/TT-BGTVT,Thông tư số 61/2015/TT-BGTVT,Điều 24,Giao thông đường thủy nội địa
10382,10/2021/TT-BGTVT,Thông tư số 10/2021/TT-BGTVT,Điều 2,Giao thông đường thủy nội địa
10384,01/2017/TT-BGTVT,Thông tư số 01/2017/TT-BGTVT,Điều 2,Giao thông đường thủy nội địa
10389,06/2020/TT-BGTVT,Thông tư số 06/2020/TT-BGTVT,Điều 2,Giao thông đường thủy nội địa
10391,09/2017/TT-BGTVT,Thông tư số 09/2017/TT-BGTVT,Điều 2,Giao thông đường thủy nội địa
10399,50/2017/TT-BGTVT,Thông tư số 50/2017/TT-BGTVT,Điều 17,Giao thông đường thủy nội địa
10405,39/2018/TT-BGTVT,Thông tư số 39/2018/TT-BGTVT,Điều 2,Giao thông đường thủy nội địa
10407,12/2019/TT-BGTVT,Thông tư số 12/2019/TT-BGTVT,Điều 2,Giao thông đường thủy nội địa
10413,33/2022/TT-BGTVT,Thông tư số 33/2022/TT-BGTVT,Điều 21,Giao thông đường thủy nội địa
10488,54/2013/TT-BGTVT,Thông tư số 54/2013/TT-BGTVT,Điều 2,Hàng hải Việt Nam
10493,14/2016/TT-BGTVT,Thông tư số 14/2016/TT-BGTVT,Điều 1,Hàng hải Việt Nam
10500,40/2016/TT-BGTVT,Thông tư số 40/2016/TT-BGTVT,Điều 2,Hàng hải Việt Nam
10520,07/2018/TT-BGTVT,Thông tư số 07/2018/TT-BGTVT,Điều 2,Hàng hải Việt Nam
10529,35/2019/TT-BGTVT,Thông tư số 35/2019/TT-BGTVT,Điều 2,Hàng hải Việt Nam
10536,19/2021/TT-BGTVT,Thông tư số 19/2021/TT-BGTVT,Điều 1,Hàng hải Việt Nam
10582,14/2016/TT-BGTVT,Thông tư số 14/2016/TT-BGTVT,Điều 10,Hàng hải Việt Nam
10615,66/2014/TT-BGTVT,Thông tư số 66/2014/TT-BGTVT,Điều 19,Hàng hải Việt Nam
10622,18/2017/TT-BGTVT,Thông tư số 18/2017/TT-BGTVT,Điều 1,Hàng hải Việt Nam
10625,44/2018/TT-BGTVT,Thông tư số 44/2018/TT-BGTVT,Điều 1,Hàng hải Việt Nam
10628,95/2015/QH13,Bộ luật số 95/2015/QH13,Điều 10,Hàng hải Việt Nam
10725,51/2017/TT-BGTVT,Thông tư số 51/2017/TT-BGTVT,Điều 10,Hàng hải Việt Nam
10748,95/2015/QH13,Bộ luật số 95/2015/QH13,Điều 30,Hàng hải Việt Nam
10786,25/2017/TT-BGTVT,Thông tư số 25/2017/TT-BGTVT,Điều 11,Hàng hải Việt Nam
10827,95/2015/QH13,Bộ luật số 95/2015/QH13,Điều 49,Hàng hải Việt Nam
11017,29/2017/NĐ-CP,Nghị định số 29/2017/NĐ-CP,Điều 6,Hàng hải Việt Nam
11056,26/2016/TT-BGTVT,Thông tư số 26/2016/TT-BGTVT,Điều 3,Hàng hải Việt Nam
11059,44/2016/TT-BGTVT,Thông tư số 44/2016/TT-BGTVT,Điều 1,Hàng hải Việt Nam
11070,55/2018/TT-BGTVT,Thông tư số 55/2018/tt-bgtvt,Điều 3,Hàng hải Việt Nam
11075,57/2018/TT-BGTVT,Thông tư số 57/2018/TT-BGTVT,Điều 3,Hàng hải Việt Nam
11078,58/2018/TT-BGTVT,Thông tư số 58/2018/TT-BGTVT,Điều 1,Hàng hải Việt Nam
11083,02/2019/TT-BGTVT,Thông tư số 02/2019/TT-BGTVT,Điều 1,Hàng hải Việt Nam
11088,14/2019/TT-BGTVT,Thông tư số 14/2019/TT-BGTVT,Điều 1,Hàng hải Việt Nam
11099,21/2019/TT-BGTVT,Thông tư số 21/2019/TT-BGTVT,Điều 3,Hàng hải Việt Nam
11109,37/2019/TT-BGTVT,Thông tư số 37/2019/TT-BGTVT,Điều 3,Hàng hải Việt Nam
11119,17/2020/TT-BGTVT,Thông tư số 17/2020/TT-BGTVT,Điều 3,Hàng hải Việt Nam
11125,27/2020/TT-BGTVT,Thông tư số 27/2020/TT-BGTVT,Điều 1,Hàng hải Việt Nam
11127,27/2020/TT-BGTVT,Thông tư số 27/2020/TT-BGTVT,Điều 3,Hàng hải Việt Nam
11150,35/2019/TT-BGTVT,Thông tư số 35/2019/TT-BGTVT,Điều 12,Hàng hải Việt Nam
11171,37/2017/NĐ-CP,Nghị định số 37/2017/NĐ-CP,Điều 6,Hàng hải Việt Nam
11209,95/2015/QH13,Bộ luật số 95/2015/QH13,Điều 91,Hàng hải Việt Nam
11284,25/2016/QĐ-TTG,Quyết định số 25/2016/QĐ-TTg,Điều 1,Hàng hải Việt Nam
11304,38/2017/NĐ-CP,Nghị định số 38/2017/NĐ-CP,Điều 4,Hàng hải Việt Nam
11323,95/2015/QH13,Bộ luật số 95/2015/QH13,Điều 104,Hàng hải Việt Nam
11324,38/2017/NĐ-CP,Nghị định số 38/2017/NĐ-CP,Điều 19,Hàng hải Việt Nam
11361,19/2013/TT-BGTVT,Thông tư số 19/2013/TT-BGTVT,Điều 11,Hàng hải Việt Nam
11487,95/2015/QH13,Bộ luật số 95/2015/QH13,Điều 111,Hàng hải Việt Nam
11529,30/2016/TT-BGTVT,Thông tư số 30/2016/TT-BGTVT,Điều 7,Hàng hải Việt Nam
11726,95/2015/QH13,Bộ luật số 95/2015/QH13,Điều 250,Hàng hải Việt Nam
11879,95/2015/QH13,Bộ luật số 95/2015/QH13,Điều 341,Hàng hải Việt Nam
11883,121/2014/NĐ-CP,Nghị định số 121/2014/NĐ-CP,Điều 20,Hàng hải Việt Nam
11888,147/2018/NĐ-CP,Nghị định số 147/2018/NĐ-CP,Điều 7,Hàng hải Việt Nam
11893,146/2016/NĐ-CP,Nghị định số 146/2016/NĐ-CP,Điều 11,Hàng hải Việt Nam
11933,12/2011/TT-BGTVT,Thông tư số 12/2011/TT-BGTVT,Điều 14,Hàng hải Việt Nam
11935,29/2019/TT-BGTVT,Thông tư số 29/2019/TT-BGTVT,Điều 3,Hàng hải Việt Nam
11937,27/2011/TT-BGTVT,Thông tư số 27/2011/TT-BGTVT,Điều 10,Hàng hải Việt Nam
11941,46/2011/TT-BGTVT,Thông tư số 46/2011/TT-BGTVT,Điều 14,Hàng hải Việt Nam
11944,28/2019/TT-BGTVT,Thông tư số 28/2019/TT-BGTVT,Điều 3,Hàng hải Việt Nam
11947,06/2013/TT-BGTVT,Thông tư số 06/2013/TT-BGTVT,Điều 2,Hàng hải Việt Nam
11959,48/2013/TT-BGTVT,Thông tư số 48/2013/TT-BGTVT,Điều 2,Hàng hải Việt Nam
11965,06/2014/TT-BGTVT,Thông tư số 06/2014/TT-BGTVT,Điều 2,Hàng hải Việt Nam
11971,68/2014/TT-BGTVT,Thông tư số 68/2014/TT-BGTVT,Điều 2,Hàng hải Việt Nam
11977,24/2017/TT-BGTVT,Thông tư số 24/2017/TT-BGTVT,Điều 2,Hàng hải Việt Nam
11989,14/2016/TT-BGTVT,Thông tư số 14/2016/TT-BGTVT,Điều 11,Hàng hải Việt Nam
11993,24/2016/TT-BGTVT,Thông tư số 24/2016/TT-BGTVT,Điều 2,Hàng hải Việt Nam
12011,10/2017/TT-BGTVT,Thông tư số 10/2017/TT-BGTVT,Điều 2,Hàng hải Việt Nam
12023,43/2019/TT-BGTVT,Thông tư số 43/2019/TT-BGTVT,Điều 2,Hàng hải Việt Nam
12042,06/2018/TT-BGTVT,Thông tư số 06/2018/TT-BGTVT,Điều 2,Hàng hải Việt Nam
12050,40/2018/TT-BGTVT,Thông tư số 40/2018/TT-BGTVT,Điều 14,Hàng hải Việt Nam
12054,44/2018/TT-BGTVT,Thông tư số 44/2018/TT-BGTVT,Điều 2,Hàng hải Việt Nam
12066,05/2019/TT-BGTVT,Thông tư số 05/2019/TT-BGTVT,Điều 6,Hàng hải Việt Nam
12068,09/2019/TT-BGTVT,Thông tư số 09/2019/TT-BGTVT,Điều 2,Hàng hải Việt Nam
12086,30/2021/TT-BGTVT,Thông tư số 30/2021/TT-BGTVT,Điều 2,Hàng hải Việt Nam
12100,17/2020/TT-BGTVT,Thông tư số 17/2020/TT-BGTVT,Điều 5,Hàng hải Việt Nam
12102,18/2020/TT-BGTVT,Thông tư số 18/2020/TT-BGTVT,Điều 5,Hàng hải Việt Nam
12104,02/2022/TT-BGTVT,Thông tư số 02/2022/TT-BGTVT,Điều 2,Hàng hải Việt Nam
12106,25/2020/TT-BGTVT,Thông tư số 25/2020/TT-BGTVT,Điều 3,Hàng hải Việt Nam
12110,08/2021/TT-BGTVT,Thông tư số 08/2021/TT-BGTVT,Điều 2,Hàng hải Việt Nam
12112,09/2021/TT-BGTVT,Thông tư số 09/2021/TT-BGTVT,Điều 2,Hàng hải Việt Nam
12114,19/2021/TT-BGTVT,Thông tư số 19/2021/TT-BGTVT,Điều 7,Hàng hải Việt Nam
12118,03/2022/TT-BGTVT,Thông tư số 03/2022/TT-BGTVT,Điều 5,Hàng hải Việt Nam
12145,05/2021/NĐ-CP,Nghị định số 05/2021/NĐ-CP,Điều 2,Hàng không dân dụng Việt Nam
12158,60/2014/TT-BTC,Thông tư số 60/2014/TT-BTC,Điều 1,Hàng không dân dụng Việt Nam
12164,21/2015/TTLT-BTC-BGTVT,Thông tư liên tịch số 21/2015/TTLT-BTC-BGTVT,Điều 2,Hàng không dân dụng Việt Nam
12180,19/2017/TT-BGTVT,Thông tư số 19/2017/TT-BGTVT,Điều 2,Hàng không dân dụng Việt Nam
12195,29/2021/TT-BGTVT,Thông tư số 29/2021/TT-BGTVT,Điều 3,Hàng không dân dụng Việt Nam
12216,19/2017/TT-BGTVT,Thông tư số 19/2017/TT-BGTVT,Điều 3,Hàng không dân dụng Việt Nam
12219,10/2018/TT-BGTVT,Thông tư số 10/2018/TT-BGTVT,Điều 3,Hàng không dân dụng Việt Nam
12252,66/2015/NĐ-CP,Nghị định số 66/2015/NĐ-CP,Điều 10,Hàng không dân dụng Việt Nam
12293,66/2006/QH11,Luật số 66/2006/QH11,Điều 24,Hàng không dân dụng Việt Nam
12359,110/2011/NĐ-CP,Nghị định số 110/2011/NĐ-CP,Điều 28,Hàng không dân dụng Việt Nam
12420,05/2021/NĐ-CP,Nghị định số 05/2021/NĐ-CP,Điều 54,Hàng không dân dụng Việt Nam
12479,29/2021/TT-BGTVT,Thông tư số 29/2021/TT-BGTVT,Điều 62,Hàng không dân dụng Việt Nam
12488,29/2021/TT-BGTVT,Thông tư số 29/2021/TT-BGTVT,Điều 71,Hàng không dân dụng Việt Nam
12496,29/2021/TT-BGTVT,Thông tư số 29/2021/TT-BGTVT,Điều 32,Hàng không dân dụng Việt Nam
12519,42/2016/NĐ-CP,Nghị định số 42/2016/NĐ-CP,Điều 8,Hàng không dân dụng Việt Nam
12524,05/2021/NĐ-CP,Nghị định số 05/2021/NĐ-CP,Điều 14,Hàng không dân dụng Việt Nam
12581,66/2006/QH11,Luật số 66/2006/QH11,Điều 59,Hàng không dân dụng Việt Nam
12707,66/2006/QH11,Luật số 66/2006/QH11,Điều 78,Hàng không dân dụng Việt Nam
12712,20/2014/TT-BQP,Thông tư số 20/2014/TT-BQP,Điều 1,Hàng không dân dụng Việt Nam
12744,96/2021/NĐ-CP,Nghị định số 96/2021/NĐ-CP,Điều 3,Hàng không dân dụng Việt Nam
12745,96/2021/NĐ-CP,Nghị định số 96/2021/NĐ-CP,Điều 4,Hàng không dân dụng Việt Nam
12746,96/2021/NĐ-CP,Nghị định số 96/2021/NĐ-CP,Điều 5,Hàng không dân dụng Việt Nam
12750,96/2021/NĐ-CP,Nghị định số 96/2021/NĐ-CP,Điều 9,Hàng không dân dụng Việt Nam
12792,25/2022/TT-BGTVT,Thông tư số 25/2022/TT-BGTVT,Điều 41,Hàng không dân dụng Việt Nam
12793,25/2022/TT-BGTVT,Thông tư số 25/2022/TT-BGTVT,Điều 42,Hàng không dân dụng Việt Nam
12815,159/2006/QĐ-BQP,Quyết định số 159/2006/QĐ-BQP,Điều 1,Hàng không dân dụng Việt Nam
12818,66/2006/QH11,Luật số 66/2006/QH11,Điều 87,Hàng không dân dụng Việt Nam
12845,66/2006/QH11,Luật số 66/2006/QH11,Điều 94,Hàng không dân dụng Việt Nam
12847,125/2015/NĐ-CP,Nghị định số 125/2015/NĐ-CP,Điều 32,Hàng không dân dụng Việt Nam
12848,125/2015/NĐ-CP,Nghị định số 125/2015/NĐ-CP,Điều 33,Hàng không dân dụng Việt Nam
12849,100/2004/QĐ-BQP,Quyết định số 100/2004/QĐ-BQP,Điều 1,Hàng không dân dụng Việt Nam
12852,01/2012/TTLT-BTTTT-BGTVT,Thông tư liên tịch số 01/2012/TTLT-BTTTT-BGTVT,Điều 4,Hàng không dân dụng Việt Nam
12861,19/2017/TT-BGTVT,Thông tư số 19/2017/TT-BGTVT,Điều 5,Hàng không dân dụng Việt Nam
12899,19/2017/TT-BGTVT,Thông tư số 19/2017/TT-BGTVT,Điều 169,Hàng không dân dụng Việt Nam
12901,19/2017/TT-BGTVT,Thông tư số 19/2017/TT-BGTVT,Điều 171,Hàng không dân dụng Việt Nam
12965,19/2017/TT-BGTVT,Thông tư số 19/2017/TT-BGTVT,Điều 82,Hàng không dân dụng Việt Nam
12993,19/2017/TT-BGTVT,Thông tư số 19/2017/TT-BGTVT,Điều 110,Hàng không dân dụng Việt Nam
13029,19/2017/TT-BGTVT,Thông tư số 19/2017/TT-BGTVT,Điều 191,Hàng không dân dụng Việt Nam
13034,19/2017/TT-BGTVT,Thông tư số 19/2017/TT-BGTVT,Điều 196,Hàng không dân dụng Việt Nam
13038,19/2017/TT-BGTVT,Thông tư số 19/2017/TT-BGTVT,Điều 200,Hàng không dân dụng Việt Nam
13039,19/2017/TT-BGTVT,Thông tư số 19/2017/TT-BGTVT,Điều 201,Hàng không dân dụng Việt Nam
13040,19/2017/TT-BGTVT,Thông tư số 19/2017/TT-BGTVT,Điều 202,Hàng không dân dụng Việt Nam
13041,19/2017/TT-BGTVT,Thông tư số 19/2017/TT-BGTVT,Điều 203,Hàng không dân dụng Việt Nam
13052,19/2017/TT-BGTVT,Thông tư số 19/2017/TT-BGTVT,Điều 214,Hàng không dân dụng Việt Nam
13057,19/2017/TT-BGTVT,Thông tư số 19/2017/TT-BGTVT,Điều 220,Hàng không dân dụng Việt Nam
13069,19/2017/TT-BGTVT,Thông tư số 19/2017/TT-BGTVT,Điều 232,Hàng không dân dụng Việt Nam
13072,19/2017/TT-BGTVT,Thông tư số 19/2017/TT-BGTVT,Điều 235,Hàng không dân dụng Việt Nam
13073,19/2017/TT-BGTVT,Thông tư số 19/2017/TT-BGTVT,Điều 236,Hàng không dân dụng Việt Nam
13093,19/2017/TT-BGTVT,Thông tư số 19/2017/TT-BGTVT,Điều 256,Hàng không dân dụng Việt Nam
13140,19/2017/TT-BGTVT,Thông tư số 19/2017/TT-BGTVT,Điều 303,Hàng không dân dụng Việt Nam
13151,19/2017/TT-BGTVT,Thông tư số 19/2017/TT-BGTVT,Điều 314,Hàng không dân dụng Việt Nam
13470,13/2019/TT-BGTVT,Thông tư số 13/2019/TT-BGTVT,Điều 92,Hàng không dân dụng Việt Nam
13521,13/2019/TT-BGTVT,Thông tư số 13/2019/TT-BGTVT,Điều 64,Hàng không dân dụng Việt Nam
13563,92/2015/NĐ-CP,Nghị định số 92/2015/NĐ-CP,Điều 29,Hàng không dân dụng Việt Nam
13591,18/2015/TT-BGTVT,Thông tư số 18/2015/TT-BGTVT,Điều 8,Hàng không dân dụng Việt Nam
13614,43/2017/TT-BGTVT,Thông tư số 43/2017/TT-BGTVT,Điều 39,Hàng không dân dụng Việt Nam
13616,43/2017/TT-BGTVT,Thông tư số 43/2017/TT-BGTVT,Điều 41,Hàng không dân dụng Việt Nam
13617,43/2017/TT-BGTVT,Thông tư số 43/2017/TT-BGTVT,Điều 42,Hàng không dân dụng Việt Nam
13656,110/2011/NĐ-CP,Nghị định số 110/2011/NĐ-CP,Điều 34,Hàng không dân dụng Việt Nam
13657,110/2011/NĐ-CP,Nghị định số 110/2011/NĐ-CP,Điều 35,Hàng không dân dụng Việt Nam
13662,89/2019/NĐ-CP,Nghị định số 89/2019/NĐ-CP,Điều 4,Hàng không dân dụng Việt Nam
13670,07/2019/NĐ-CP,Nghị định số 07/2019/NĐ-CP,Điều 3,Hàng không dân dụng Việt Nam
13682,97/2020/NĐ-CP,Nghị định số 97/2020/NĐ-CP,Điều 4,Hàng không dân dụng Việt Nam
13713,42/2011/TT-BGTVT,Thông tư số 42/2011/TT-BGTVT,Điều 8,Hàng không dân dụng Việt Nam
13715,01/2012/TTLT-BTTTT-BGTVT,Thông tư liên tịch số 01/2012/TTLT-BTTTT-BGTVT,Điều 11,Hàng không dân dụng Việt Nam
13723,34/2014/TT-BGTVT,Thông tư số 34/2014/TT-BGTVT,Điều 2,Hàng không dân dụng Việt Nam
13727,27/2017/TT-BGTVT,Thông tư số 27/2017/TT-BGTVT,Điều 3,Hàng không dân dụng Việt Nam
13736,85/2015/TT-BGTVT,Thông tư số 85/2015/TT-BGTVT,Điều 19,Hàng không dân dụng Việt Nam
13738,07/2016/TTLT-BGTVT-BCA-BQP,Thông tư liên tịch số 07/2016/TTLT-BGTVT-BCA-BQP,Điều 11,Hàng không dân dụng Việt Nam
13770,42/2023/TT-BGTVT,Thông tư số 42/2023/TT-BGTVT,Điều 4,Hàng không dân dụng Việt Nam
13772,22/2020/TT-BGTVT,Thông tư số 22/2020/TT-BGTVT,Điều 14,Hàng không dân dụng Việt Nam
13779,52/2023/TT-BGTVT,Thông tư số 52/2023/TT-BGTVT,Điều 3,Hàng không dân dụng Việt Nam
13828,23/2015/NĐ-CP,Nghị định số 23/2015/NĐ-CP,Điều 49,"Cấp bản sao từ sổ gốc, chứng thực bản sao từ bản chính, chứng thực chữ ký"
14787,198/2012/TT-BTC,Thông tư số 198/2012/TT-BTC,Điều 5,Kế toán
14988,200/2014/TT-BTC,Thông tư số 200/2014/TT-BTC,Điều 130,Kế toán
15017,334/2016/TT-BTC,Thông tư số 334/2016/TT-BTC,Điều 2,Kế toán
15119,181/2015/TT-BTC,Thông tư số 181/2015/TT-BTC,Điều 5,Kế toán
15621,05/2019/NĐ-CP,Nghị định số 05/2019/NĐ-CP,Điều 31,Kế toán
15703,67/2015/TT-BTC,Thông tư số 67/2015/TT-BTC,Điều 1,Kiểm toán độc lập
15901,67/2011/QH12,Luật số 67/2011/QH12,Điều 63,Kiểm toán độc lập
15904,17/2012/NĐ-CP,Nghị định số 17/2012/NĐ-CP,Điều 23,Kiểm toán độc lập
15935,81/2015/QH13,Luật số 81/2015/QH13,Điều 2,Kiểm toán Nhà nước
15939,01/2025/TTLT-KTNN-VKSNDTC-BCA-BQP,Thông tư liên tịch số 01/2025/TTLT-KTNN-VKSNDTC-BCA-BQP,Điều 2,Kiểm toán Nhà nước
15942,81/2015/QH13,Luật số 81/2015/QH13,Điều 5,Kiểm toán Nhà nước
15985,81/2015/QH13,Luật số 81/2015/QH13,Điều 37,Kiểm toán Nhà nước
15992,81/2015/QH13,Luật số 81/2015/QH13,Điều 44,Kiểm toán Nhà nước
16043,66/2018/NĐ-CP,Nghị định số 66/2018/NĐ-CP,Điều 6,Kiểm toán Nhà nước
16067,01/2025/TTLT-KTNN-VKSNDTC-BCA-BQP,Thông tư liên tịch số 01/2025/TTLT-KTNN-VKSNDTC-BCA-BQP,Điều 8,Kiểm toán Nhà nước
16233,03/2021/TT-TTCP,Thông tư số 03/2021/TT-TTCP,Điều 3,"Phòng, chống tham nhũng"
16246,27/2024/TT-BTC,Thông tư số 27/2024/TT-BTC,Điều 5,"Phòng, chống tham nhũng"
16252,10/2014/TT-TTCP,Thông tư số 10/2014/TT-TTCP,Điều 2,"Phòng, chống tham nhũng"
16268,36/2018/QH14,Luật số 36/2018/QH14,Điều 34,"Phòng, chống tham nhũng"
16535,06/2013/TTLT-BKHCN-BCT-BCA-BGTVT,Thông tư liên tịch số 06/2013/TTLT-BKHCN-BCT-BCA-BGTVT,Điều 2,"Chất lượng sản phẩm, hàng hóa"
16561,90/2024/TT-BCA,Thông tư số 90/2024/TT-BCA,Điều 2,"Chất lượng sản phẩm, hàng hóa"
16644,06/2009/TT-BKHCN,Thông tư số 06/2009/TT-BKHCN,Điều 10,"Chất lượng sản phẩm, hàng hóa"
16672,06/2020/TT-BKHCN,Thông tư số 06/2020/TT-BKHCN,Điều 21,"Chất lượng sản phẩm, hàng hóa"
16680,15/2022/TT-BKHCN,Thông tư số 15/2022/TT-BKHCN,Điều 48,"Chất lượng sản phẩm, hàng hóa"
16699,06/2021/TT-BKHCN,Thông tư số 06/2021/TT-BKHCN,Điều 1,Chuyển giao công nghệ
16863,07/2017/QH14,Luật số 07/2017/QH14,Điều 45,Chuyển giao công nghệ
16947,79/2014/TTLT-BTC-BKHCN,Thông tư liên tịch số 79/2014/TTLT-BTC-BKHCN,Điều 16,Chuyển giao công nghệ
17187,74/2017/NĐ-CP,Nghị định số 74/2017/NĐ-CP,Điều 2,Công nghệ cao
17229,105/2016/NĐ-CP,Nghị định số 105/2016/NĐ-CP,Điều 2,Đo lường
17237,28/2013/TT-BKHCN,Thông tư số 28/2013/TT-BKHCN,Điều 2,Đo lường
17239,21/2014/TT-BKHCN,Thông tư số 21/2014/TT-BKHCN,Điều 2,Đo lường
17266,02/2019/TT-BQP,Thông tư số 02/2019/TT-BQP,Điều 31,Đo lường
17275,04/2011/QH13,Luật số 04/2011/QH13,Điều 12,Đo lường
17333,24/2013/TT-BKHCN,Thông tư số 24/2013/TT-BKHCN,Điều 34,Đo lường
17431,23/2013/TT-BKHCN,Thông tư số 23/2013/TT-BKHCN,Điều 24,Đo lường
17446,28/2013/TT-BKHCN,Thông tư số 28/2013/TT-BKHCN,Điều 22,Đo lường
17483,28/2013/TT-BKHCN,Thông tư số 28/2013/TT-BKHCN,Điều 23,Đo lường
17556,14/2013/TT-BKHCN,Thông tư số 14/2013/TT-BKHCN,Điều 24,Đo lường
17563,24/2013/TT-BKHCN,Thông tư số 24/2013/TT-BKHCN,Điều 50,Đo lường
17568,21/2014/TT-BKHCN,Thông tư số 21/2014/TT-BKHCN,Điều 30,Đo lường
17572,06/2017/TT-BKHCN,Thông tư số 06/2017/TT-BKHCN,Điều 17,Đo lường
17574,11/2018/TT-BKHCN,Thông tư số 11/2018/TT-BKHCN,Điều 9,Đo lường
17575,02/2019/TT-BQP,Thông tư số 02/2019/TT-BQP,Điều 36,Đo lường
17768,68/2006/QH11,Luật số 68/2006/QH11,Điều 24,Tiêu chuẩn và quy chuẩn kỹ thuật
17769,11/2021/TT-BKHCN,Thông tư số 11/2021/TT-BKHCN,Điều 10,Tiêu chuẩn và quy chuẩn kỹ thuật
17875,68/2006/QH11,Luật số 68/2006/QH11,Điều 50,Tiêu chuẩn và quy chuẩn kỹ thuật
17878,68/2006/QH11,Luật số 68/2006/QH11,Điều 53,Tiêu chuẩn và quy chuẩn kỹ thuật
17948,68/2006/QH11,Luật số 68/2006/QH11,Điều 70,Tiêu chuẩn và quy chuẩn kỹ thuật
18068,17/2023/TT-BLĐTBXH,Thông tư số 17/2023/TT-BLĐTBXH,Điều 3,Lao động
18748,61/2015/NĐ-CP,Nghị định số 61/2015/NĐ-CP,Điều 34,Việc làm
18898,23/2021/NĐ-CP,Nghị định số 23/2021/NĐ-CP,Điều 10,Việc làm
19017,31/2015/NĐ-CP,Nghị định số 31/2015/NĐ-CP,Điều 37,Việc làm
19032,56/2015/TT-BLĐTBXH,Thông tư số 56/2015/TT-BLĐTBXH,Điều 21,Việc làm
19043,16/2022/TT-BLĐTBXH,Thông tư số 16/2022/TT-BLĐTBXH,Điều 2,Việc làm
19188,84/2015/QH13,Luật số 84/2015/QH13,Điều 93,"An toàn, vệ sinh lao động"
19200,20/2011/TT-BLĐTBXH,Thông tư số 20/2011/TT-BLĐTBXH,Điều 2,"An toàn, vệ sinh lao động"
19234,48/2015/TT-BLĐTBXH,Thông tư số 48/2015/TT-BLĐTBXH,Điều 2,"An toàn, vệ sinh lao động"
19236,51/2015/TT-BLĐTBXH,Thông tư số 51/2015/TT-BLĐTBXH,Điều 2,"An toàn, vệ sinh lao động"
19265,117/2016/TT-BQP,Thông tư số 117/2016/TT-BQP,Điều 2,"An toàn, vệ sinh lao động"
19266,117/2016/TT-BQP,Thông tư số 117/2016/TT-BQP,Điều 3,"An toàn, vệ sinh lao động"
19267,118/2016/TT-BQP,Thông tư số 118/2016/TT-BQP,Điều 2,"An toàn, vệ sinh lao động"
19268,118/2016/TT-BQP,Thông tư số 118/2016/TT-BQP,Điều 3,"An toàn, vệ sinh lao động"
19269,119/2016/TT-BQP,Thông tư số 119/2016/TT-BQP,Điều 2,"An toàn, vệ sinh lao động"
19270,119/2016/TT-BQP,Thông tư số 119/2016/TT-BQP,Điều 3,"An toàn, vệ sinh lao động"
19271,120/2016/TT-BQP,Thông tư số 120/2016/TT-BQP,Điều 2,"An toàn, vệ sinh lao động"
19272,120/2016/TT-BQP,Thông tư số 120/2016/TT-BQP,Điều 3,"An toàn, vệ sinh lao động"
19273,121/2016/TT-BQP,Thông tư số 121/2016/TT-BQP,Điều 2,"An toàn, vệ sinh lao động"
19274,121/2016/TT-BQP,Thông tư số 121/2016/TT-BQP,Điều 3,"An toàn, vệ sinh lao động"
19275,122/2016/TT-BQP,Thông tư số 122/2016/TT-BQP,Điều 2,"An toàn, vệ sinh lao động"
19276,122/2016/TT-BQP,Thông tư số 122/2016/TT-BQP,Điều 3,"An toàn, vệ sinh lao động"
19277,123/2016/TT-BQP,Thông tư số 123/2016/TT-BQP,Điều 2,"An toàn, vệ sinh lao động"
19278,123/2016/TT-BQP,Thông tư số 123/2016/TT-BQP,Điều 3,"An toàn, vệ sinh lao động"
19279,124/2016/TT-BQP,Thông tư số 124/2016/TT-BQP,Điều 2,"An toàn, vệ sinh lao động"
19280,124/2016/TT-BQP,Thông tư số 124/2016/TT-BQP,Điều 3,"An toàn, vệ sinh lao động"
19281,125/2016/TT-BQP,Thông tư số 125/2016/TT-BQP,Điều 2,"An toàn, vệ sinh lao động"
19282,125/2016/TT-BQP,Thông tư số 125/2016/TT-BQP,Điều 3,"An toàn, vệ sinh lao động"
19283,126/2016/TT-BQP,Thông tư số 126/2016/TT-BQP,Điều 2,"An toàn, vệ sinh lao động"
19284,126/2016/TT-BQP,Thông tư số 126/2016/TT-BQP,Điều 3,"An toàn, vệ sinh lao động"
19285,127/2016/TT-BQP,Thông tư số 127/2016/TT-BQP,Điều 2,"An toàn, vệ sinh lao động"
19286,127/2016/TT-BQP,Thông tư số 127/2016/TT-BQP,Điều 3,"An toàn, vệ sinh lao động"
19287,128/2016/TT-BQP,Thông tư số 128/2016/TT-BQP,Điều 2,"An toàn, vệ sinh lao động"
19288,128/2016/TT-BQP,Thông tư số 128/2016/TT-BQP,Điều 3,"An toàn, vệ sinh lao động"
19291,50/2016/TT-BLĐTBXH,Thông tư số 50/2016/TT-BLĐTBXH,Điều 2,"An toàn, vệ sinh lao động"
19299,29/2016/TT-BXD,Thông tư số 29/2016/TT-BXD,Điều 4,"An toàn, vệ sinh lao động"
19307,10/2017/TT-BQP,Thông tư số 10/2017/TT-BQP,Điều 2,"An toàn, vệ sinh lao động"
19316,184/2017/TT-BQP,Thông tư số 184/2017/TT-BQP,Điều 2,"An toàn, vệ sinh lao động"
19318,185/2017/TT-BQP,Thông tư số 185/2017/TT-BQP,Điều 2,"An toàn, vệ sinh lao động"
19322,197/2017/TT-BQP,Thông tư số 197/2017/TT-BQP,Điều 2,"An toàn, vệ sinh lao động"
19323,197/2017/TT-BQP,Thông tư số 197/2017/TT-BQP,Điều 3,"An toàn, vệ sinh lao động"
19324,198/2017/TT-BQP,Thông tư số 198/2017/TT-BQP,Điều 2,"An toàn, vệ sinh lao động"
19325,198/2017/TT-BQP,Thông tư số 198/2017/TT-BQP,Điều 3,"An toàn, vệ sinh lao động"
19326,199/2017/TT-BQP,Thông tư số 199/2017/TT-BQP,Điều 2,"An toàn, vệ sinh lao động"
19327,199/2017/TT-BQP,Thông tư số 199/2017/TT-BQP,Điều 3,"An toàn, vệ sinh lao động"
19328,200/2017/TT-BQP,Thông tư số 200/2017/TT-BQP,Điều 2,"An toàn, vệ sinh lao động"
19329,200/2017/TT-BQP,Thông tư số 200/2017/TT-BQP,Điều 3,"An toàn, vệ sinh lao động"
19330,201/2017/TT-BQP,Thông tư số 201/2017/TT-BQP,Điều 2,"An toàn, vệ sinh lao động"
19331,201/2017/TT-BQP,Thông tư số 201/2017/TT-BQP,Điều 3,"An toàn, vệ sinh lao động"
19332,202/2017/TT-BQP,Thông tư số 202/2017/TT-BQP,Điều 2,"An toàn, vệ sinh lao động"
19333,202/2017/TT-BQP,Thông tư số 202/2017/TT-BQP,Điều 3,"An toàn, vệ sinh lao động"
19334,203/2017/TT-BQP,Thông tư số 203/2017/TT-BQP,Điều 2,"An toàn, vệ sinh lao động"
19335,203/2017/TT-BQP,Thông tư số 203/2017/TT-BQP,Điều 3,"An toàn, vệ sinh lao động"
19336,204/2017/TT-BQP,Thông tư số 204/2017/TT-BQP,Điều 2,"An toàn, vệ sinh lao động"
19337,204/2017/TT-BQP,Thông tư số 204/2017/TT-BQP,Điều 3,"An toàn, vệ sinh lao động"
19338,205/2017/TT-BQP,Thông tư số 205/2017/TT-BQP,Điều 2,"An toàn, vệ sinh lao động"
19339,205/2017/TT-BQP,Thông tư số 205/2017/TT-BQP,Điều 3,"An toàn, vệ sinh lao động"
19340,206/2017/TT-BQP,Thông tư số 206/2017/TT-BQP,Điều 2,"An toàn, vệ sinh lao động"
19341,206/2017/TT-BQP,Thông tư số 206/2017/TT-BQP,Điều 3,"An toàn, vệ sinh lao động"
19352,42/2018/TT-BLĐTBXH,Thông tư số 42/2018/TT-BLĐTBXH,Điều 2,"An toàn, vệ sinh lao động"
19369,114/2020/TT-BQP,Thông tư số 114/2020/TT-BQP,Điều 2,"An toàn, vệ sinh lao động"
19374,08/2021/TT-BLĐTBXH,Thông tư số 08/2021/TT-BLĐTBXH,Điều 2,"An toàn, vệ sinh lao động"
19384,153/2021/TT-BQP,Thông tư số 153/2021/TT-BQP,Điều 18,"An toàn, vệ sinh lao động"
19477,20/2008/QH12,Luật số 20/2008/QH12,Điều 60,Đa dạng sinh học
19556,34/2016/TT-NHNN,Thông tư số 34/2016/TT-NHNN,Điều 2,Bảo hiểm tiền gửi
19564,06/2012/QH13,Luật số 06/2012/QH13,Điều 8,Bảo hiểm tiền gửi
19663,06/2012/QH13,Luật số 06/2012/QH13,Điều 38,Bảo hiểm tiền gửi
19664,06/2012/QH13,Luật số 06/2012/QH13,Điều 39,Bảo hiểm tiền gửi
19665,89/1999/NĐ-CP,Nghị định số 89/1999/NĐ-CP,Điều 22,Bảo hiểm tiền gửi
19666,89/1999/NĐ-CP,Nghị định số 89/1999/NĐ-CP,Điều 23,Bảo hiểm tiền gửi
19675,34/2016/TT-NHNN,Thông tư số 34/2016/TT-NHNN,Điều 13,Bảo hiểm tiền gửi
19807,49/2005/QH11,Luật số 49/2005/QH11,Điều 75,Các công cụ chuyển nhượng
19826,46/2010/QH12,Luật số 46/2010/QH12,Điều 1,Ngân hàng Nhà nước Việt Nam
19832,40/2012/NĐ-CP,Nghị định số 40/2012/NĐ-CP,Điều 2,Ngân hàng Nhà nước Việt Nam
19836,16/2014/NĐ-CP,Nghị định số 16/2014/NĐ-CP,Điều 2,Ngân hàng Nhà nước Việt Nam
19843,40/2012/QĐ-TTG,Quyết định số 40/2012/QĐ-TTg,Điều 2,Ngân hàng Nhà nước Việt Nam
19862,03/2013/TT-NHNN,Thông tư số 03/2013/TT-NHNN,Điều 2,Ngân hàng Nhà nước Việt Nam
19875,02/2014/TT-NHNN,Thông tư số 02/2014/TT-NHNN,Điều 2,Ngân hàng Nhà nước Việt Nam
19887,48/2014/TT-NHNN,Thông tư số 48/2014/TT-NHNN,Điều 2,Ngân hàng Nhà nước Việt Nam
19891,03/2015/TT-NHNN,Thông tư số 03/2015/TT-NHNN,Điều 2,Ngân hàng Nhà nước Việt Nam
19901,19/2016/TT-NHNN,Thông tư số 19/2016/TT-NHNN,Điều 2,Ngân hàng Nhà nước Việt Nam
19903,26/2016/TT-NHNN,Thông tư số 26/2016/TT-NHNN,Điều 2,Ngân hàng Nhà nước Việt Nam
19917,20/2018/TT-NHNN,Thông tư số 20/2018/TT-NHNN,Điều 2,Ngân hàng Nhà nước Việt Nam
19919,09/2019/TT-NHNN,Thông tư số 09/2019/TT-NHNN,Điều 1,Ngân hàng Nhà nước Việt Nam
19942,01/2024/TT-NHNN,Thông tư số 01/2024/TT-NHNN,Điều 2,Ngân hàng Nhà nước Việt Nam
19944,04/2024/TT-NHNN,Thông tư số 04/2024/TT-NHNN,Điều 2,Ngân hàng Nhà nước Việt Nam
19946,07/2024/TT-NHNN,Thông tư số 07/2024/TT-NHNN,Điều 2,Ngân hàng Nhà nước Việt Nam
19996,22/2006/QĐ-NHNN,Quyết định số 22/2006/QĐ-NHNN,Điều 1,Ngân hàng Nhà nước Việt Nam
20182,17/2023/TT-NHNN,Thông tư số 17/2023/TT-NHNN,Điều 17,Ngân hàng Nhà nước Việt Nam
20241,61/2000/QĐ-NHNN9,Quyết định số 61/2000/QĐ-NHNN9,Điều 1,Ngân hàng Nhà nước Việt Nam
20347,42/2015/TT-NHNN,Thông tư số 42/2015/TT-NHNN,Điều 11,Ngân hàng Nhà nước Việt Nam
20381,01/2024/TT-NHNN,Thông tư số 01/2024/TT-NHNN,Điều 8,Ngân hàng Nhà nước Việt Nam
20383,46/2010/QH12,Luật số 46/2010/QH12,Điều 18,Ngân hàng Nhà nước Việt Nam
20408,23/2012/TT-NHNN,Thông tư số 23/2012/TT-NHNN,Điều 12,Ngân hàng Nhà nước Việt Nam
20491,02/2014/TT-NHNN,Thông tư số 02/2014/TT-NHNN,Điều 8,Ngân hàng Nhà nước Việt Nam
20531,19/2023/TT-NHNN,Thông tư số 19/2023/TT-NHNN,Điều 3,Ngân hàng Nhà nước Việt Nam
20575,40/2012/NĐ-CP,Nghị định số 40/2012/NĐ-CP,Điều 12,Ngân hàng Nhà nước Việt Nam
20655,46/2010/QH12,Luật số 46/2010/QH12,Điều 23,Ngân hàng Nhà nước Việt Nam
20672,28/2013/TT-NHNN,Thông tư số 28/2013/TT-NHNN,Điều 13,Ngân hàng Nhà nước Việt Nam
20740,46/2010/QH12,Luật số 46/2010/QH12,Điều 28,Ngân hàng Nhà nước Việt Nam
20754,222/2013/NĐ-CP,Nghị định số 222/2013/NĐ-CP,Điều 11,Ngân hàng Nhà nước Việt Nam
20923,37/2016/TT-NHNN,Thông tư số 37/2016/TT-NHNN,Điều 48,Ngân hàng Nhà nước Việt Nam
20976,23/2008/QĐ-NHNN,Quyết định số 23/2008/QĐ-NHNN,Điều 1,Ngân hàng Nhà nước Việt Nam
21000,07/2013/QĐ-TTG,Quyết định số 07/2013/QĐ-TTg,Điều 1,Ngân hàng Nhà nước Việt Nam
21001,1710/2005/QĐ-NHNN,Quyết định số 1710/2005/QĐ-NHNN,Điều 1,Ngân hàng Nhà nước Việt Nam
21053,1789/2005/QĐ-NHNN,Quyết định số 1789/2005/QĐ-NHNN,Điều 1,Ngân hàng Nhà nước Việt Nam
21221,26/2014/NĐ-CP,Nghị định số 26/2014/NĐ-CP,Điều 26,Ngân hàng Nhà nước Việt Nam
21228,15/2000/QĐ-NHNN4,Quyết định số 15/2000/QĐ-NHNN4,Điều 1,Ngân hàng Nhà nước Việt Nam
21267,46/2010/QH12,Luật số 46/2010/QH12,Điều 65,Ngân hàng Nhà nước Việt Nam
21270,10/2010/NĐ-CP,Nghị định số 10/2010/NĐ-CP,Điều 21,Ngân hàng Nhà nước Việt Nam
21354,41/2006/QĐ-NHNN,Quyết định số 41/2006/QĐ-NHNN,Điều 3,Ngân hàng Nhà nước Việt Nam
21358,24/2018/TT-NHNN,Thông tư số 24/2018/TT-NHNN,Điều 3,Ngân hàng Nhà nước Việt Nam
21383,34/2012/TT-NHNN,Thông tư số 34/2012/TT-NHNN,Điều 32,Ngân hàng Nhà nước Việt Nam
21385,36/2012/TT-NHNN,Thông tư số 36/2012/TT-NHNN,Điều 12,Ngân hàng Nhà nước Việt Nam
21400,33/2018/TT-NHNN,Thông tư số 33/2018/TT-NHNN,Điều 6,Ngân hàng Nhà nước Việt Nam
21402,15/2020/TT-NHNN,Thông tư số 15/2020/TT-NHNN,Điều 4,Ngân hàng Nhà nước Việt Nam
21414,37/2018/TT-NHNN,Thông tư số 37/2018/TT-NHNN,Điều 2,Ngân hàng Nhà nước Việt Nam
21415,37/2018/TT-NHNN,Thông tư số 37/2018/TT-NHNN,Điều 20,Ngân hàng Nhà nước Việt Nam
21422,12/2017/TT-NHNN,Thông tư số 12/2017/TT-NHNN,Điều 3,Ngân hàng Nhà nước Việt Nam
21429,33/2014/TT-NHNN,Thông tư số 33/2014/TT-NHNN,Điều 8,Ngân hàng Nhà nước Việt Nam
21431,35/2014/TT-NHNN,Thông tư số 35/2014/TT-NHNN,Điều 5,Ngân hàng Nhà nước Việt Nam
21434,27/2019/TT-NHNN,Thông tư số 27/2019/TT-NHNN,Điều 4,Ngân hàng Nhà nước Việt Nam
21437,39/2014/TT-NHNN,Thông tư số 39/2014/TT-NHNN,Điều 21,Ngân hàng Nhà nước Việt Nam
21443,47/2014/TT-NHNN,Thông tư số 47/2014/TT-NHNN,Điều 21,Ngân hàng Nhà nước Việt Nam
21465,09/2021/TT-NHNN,Thông tư số 09/2021/TT-NHNN,Điều 3,Ngân hàng Nhà nước Việt Nam
21470,30/2016/TT-NHNN,Thông tư số 30/2016/TT-NHNN,Điều 5,Ngân hàng Nhà nước Việt Nam
21474,41/2018/TT-NHNN,Thông tư số 41/2018/TT-NHNN,Điều 3,Ngân hàng Nhà nước Việt Nam
21487,10/2019/TT-NHNN,Thông tư số 10/2019/TT-NHNN,Điều 3,Ngân hàng Nhà nước Việt Nam
21501,20/2018/TT-NHNN,Thông tư số 20/2018/TT-NHNN,Điều 16,Ngân hàng Nhà nước Việt Nam
21505,09/2019/TT-NHNN,Thông tư số 09/2019/TT-NHNN,Điều 12,Ngân hàng Nhà nước Việt Nam
21512,07/2020/TT-NHNN,Thông tư số 07/2020/TT-NHNN,Điều 15,Ngân hàng Nhà nước Việt Nam
21518,10/2021/TT-NHNN,Thông tư số 10/2021/TT-NHNN,Điều 10,Ngân hàng Nhà nước Việt Nam
21526,17/2023/TT-NHNN,Thông tư số 17/2023/TT-NHNN,Điều 21,Ngân hàng Nhà nước Việt Nam
21532,23/2023/TT-NHNN,Thông tư số 23/2023/TT-NHNN,Điều 12,Ngân hàng Nhà nước Việt Nam
21542,28/2005/PL-UBTVQH11,Pháp lệnh số 28/2005/PL-UBTVQH11,Điều 1,Ngoại hối
22040,28/2005/PL-UBTVQH11,Pháp lệnh số 28/2005/PL-UBTVQH11,Điều 33,Ngoại hối
22172,28/2005/PL-UBTVQH11,Pháp lệnh số 28/2005/PL-UBTVQH11,Điều 40,Ngoại hối
22251,28/2005/PL-UBTVQH11,Pháp lệnh số 28/2005/PL-UBTVQH11,Điều 45,Ngoại hối
22252,28/2005/PL-UBTVQH11,Pháp lệnh số 28/2005/PL-UBTVQH11,Điều 46,Ngoại hối
22253,06/2013/UBTVQH13,Pháp lệnh số 06/2013/UBTVQH13,Điều 3,Ngoại hối
22307,29/2019/TT-NHNN,Thông tư số 29/2019/TT-NHNN,Điều 4,Ngoại hối
22310,15/2021/TT-NHNN,Thông tư số 15/2021/TT-NHNN,Điều 4,Ngoại hối
22314,12/2015/TT-NHNN,Thông tư số 12/2015/TT-NHNN,Điều 2,Ngoại hối
22324,03/2019/TT-NHNN,Thông tư số 03/2019/TT-NHNN,Điều 3,Ngoại hối
22327,17/2020/TT-NHNN,Thông tư số 17/2020/TT-NHNN,Điều 4,Ngoại hối
22366,04/2023/TT-NHNN,Thông tư số 04/2023/TT-NHNN,Điều 10,Ngoại hối
22774,33/2014/TT-BNNPTNT,Thông tư số 33/2014/TT-BNNPTNT,Điều 14,Bảo vệ và kiểm dịch thực vật
22812,41/2013/QH13,Luật số 41/2013/QH13,Điều 44,Bảo vệ và kiểm dịch thực vật
22814,33/2014/TT-BNNPTNT,Thông tư số 33/2014/TT-BNNPTNT,Điều 18,Bảo vệ và kiểm dịch thực vật
22825,30/2015/TT-BNNPTNT,Thông tư số 30/2015/TT-BNNPTNT,Điều 19,Bảo vệ và kiểm dịch thực vật
22900,21/2015/TT-BNNPTNT,Thông tư số 21/2015/TT-BNNPTNT,Điều 68,Bảo vệ và kiểm dịch thực vật
22902,21/2015/TT-BNNPTNT,Thông tư số 21/2015/TT-BNNPTNT,Điều 70,Bảo vệ và kiểm dịch thực vật
22993,31/2018/TT-BNNPTNT,Thông tư số 31/2018/TT-BNNPTNT,Điều 3,Lâm nghiệp
23052,33/2018/TT-BNNPTNT,Thông tư số 33/2018/TT-BNNPTNT,Điều 14,Lâm nghiệp
23054,33/2018/TT-BNNPTNT,Thông tư số 33/2018/TT-BNNPTNT,Điều 16,Lâm nghiệp
23275,16/2017/QH14,Luật số 16/2017/QH14,Điều 74,Lâm nghiệp
23498,21/2023/TT-BNNPTNT,Thông tư số 21/2023/TT-BNNPTNT,Điều 10,Lâm nghiệp
23534,24/2024/TT-BNNPTNT,Thông tư số 24/2024/TT-BNNPTNT,Điều 5,Lâm nghiệp
23577,79/2006/QH11,Luật số 79/2006/QH11,Điều 15,Đê điều
23908,28/2022/TT-BNNPTNT,Thông tư số 28/2022/TT-BNNPTNT,Điều 1,Chăn nuôi
23984,29/2022/TT-BNNPTNT,Thông tư số 29/2022/TT-BNNPTNT,Điều 1,Thủy lợi
24128,25/2017/QĐ-TTG,Quyết định số 25/2017/QĐ-TTg,Điều 3,Thủy lợi
24311,33/2013/QH13,Luật số 33/2013/QH13,Điều 8,"Phòng, chống thiên tai"
24553,11/2016/TT-BNNPTNT,Thông tư số 11/2016/TT-BNNPTNT,Điều 2,Thú y
24558,11/2016/TT-BNNPTNT,Thông tư số 11/2016/TT-BNNPTNT,Điều 9,Thú y
24571,79/2015/QH13,Luật số 79/2015/QH13,Điều 14,Thú y
24600,07/2016/TT-BNNPTNT,Thông tư số 07/2016/TT-BNNPTNT,Điều 12,Thú y
24766,79/2015/QH13,Luật số 79/2015/QH13,Điều 88,Thú y
24796,13/2016/TT-BNNPTNT,Thông tư số 13/2016/TT-BNNPTNT,Điều 29,Thú y
24812,79/2015/QH13,Luật số 79/2015/QH13,Điều 107,Thú y
24831,67/2014/NĐ-CP,Nghị định số 67/2014/NĐ-CP,Điều 2,Thủy sản
25068,22/2018/TT-BNNPTNT,Thông tư số 22/2018/TT-BNNPTNT,Điều 5,Thủy sản
25111,20/2018/TT-BNNPTNT,Thông tư số 20/2018/TT-BNNPTNT,Điều 5,Thủy sản
25130,104/2018/TT-BTC,Thông tư số 104/2018/TT-BTC,Điều 7,Thủy sản
25979,36/2015/NĐ-CP,Nghị định số 36/2015/NĐ-CP,Điều 2,Hải quan
25986,46/2020/NĐ-CP,Nghị định số 46/2020/NĐ-CP,Điều 2,Hải quan
25988,64/2020/NĐ-CP,Nghị định số 64/2020/NĐ-CP,Điều 2,Hải quan
25990,100/2020/NĐ-CP,Nghị định số 100/2020/NĐ-CP,Điều 2,Hải quan
26002,38/2017/QĐ-TTG,Quyết định số 38/2017/QĐ-TTg,Điều 2,Hải quan
26035,191/2015/TT-BTC,Thông tư số 191/2015/TT-BTC,Điều 2,Hải quan
26051,42/2020/TT-BTC,Thông tư số 42/2020/TT-BTC,Điều 2,Hải quan
26055,121/2021/TT-BTC,Thông tư số 121/2021/TT-BTC,Điều 2,Hải quan
26065,50/2018/TT-BTC,Thông tư số 50/2018/TT-BTC,Điều 2,Hải quan
26121,01/2015/NĐ-CP,Nghị định số 01/2015/NĐ-CP,Điều 11,Hải quan
26131,33/2016/QĐ-TTG,Quyết định số 33/2016/QĐ-TTg,Điều 1,Hải quan
26158,36/2015/NĐ-CP,Nghị định số 36/2015/NĐ-CP,Điều 5,Hải quan
26222,69/2016/TT-BTC,Thông tư số 69/2016/TT-BTC,Điều 22,Hải quan
26266,49/2015/TT-BTC,Thông tư số 49/2015/TT-BTC,Điều 3,Hải quan
26270,69/2016/TT-BTC,Thông tư số 69/2016/TT-BTC,Điều 26,Hải quan
26272,69/2016/TT-BTC,Thông tư số 69/2016/TT-BTC,Điều 40,Hải quan
26534,35/2019/QĐ-TTG,Quyết định số 35/2019/QĐ-TTg,Điều 1,Hải quan
26599,100/2020/NĐ-CP,Nghị định số 100/2020/NĐ-CP,Điều 7,Hải quan
26660,191/2015/TT-BTC,Thông tư số 191/2015/TT-BTC,Điều 3,Hải quan
26702,120/2015/TT-BTC,Thông tư số 120/2015/TT-BTC,Điều 7,Hải quan
26809,68/2016/NĐ-CP,Nghị định số 68/2016/NĐ-CP,Điều 17,Hải quan
26897,42/2020/TT-BTC,Thông tư số 42/2020/TT-BTC,Điều 3,Hải quan
27101,54/2014/QH13,Luật số 54/2014/QH13,Điều 100,Hải quan
27108,12/2018/NĐ-CP,Nghị định số 12/2018/NĐ-CP,Điều 19,Hải quan
27111,08/2015/NĐ-CP,Nghị định số 08/2015/NĐ-CP,Điều 111,Hải quan
27112,59/2018/NĐ-CP,Nghị định số 59/2018/NĐ-CP,Điều 112,Hải quan
27113,59/2018/NĐ-CP,Nghị định số 59/2018/NĐ-CP,Điều 113,Hải quan
27114,36/2015/NĐ-CP,Nghị định số 36/2015/NĐ-CP,Điều 11,Hải quan
27117,68/2016/NĐ-CP,Nghị định số 68/2016/NĐ-CP,Điều 40,Hải quan
27124,46/2020/NĐ-CP,Nghị định số 46/2020/NĐ-CP,Điều 38,Hải quan
27134,02/2021/NĐ-CP,Nghị định số 02/2021/NĐ-CP,Điều 16,Hải quan
27184,39/2018/TT-BTC,Thông tư số 39/2018/TT-BTC,Điều 150,Hải quan
27197,72/2015/TT-BTC,Thông tư số 72/2015/TT-BTC,Điều 27,Hải quan
27199,07/2019/TT-BTC,Thông tư số 07/2019/TT-BTC,Điều 29,Hải quan
27228,09/2019/TT-BTC,Thông tư số 09/2019/TT-BTC,Điều 5,Hải quan
27372,84/2014/NĐ-CP,Nghị định số 84/2014/NĐ-CP,Điều 32,"Thực hành tiết kiệm, chống lãng phí"
27408,19/2006/QĐ-BTNMT,Quyết định số 19/2006/QĐ-BTNMT,Điều 1,Đo đạc và bản đồ
27495,15/2005/QĐ-BTNMT,Quyết định số 15/2005/QĐ-BTNMT,Điều 1,Đo đạc và bản đồ
27496,17/2005/QĐ-BTNMT,Quyết định số 17/2005/QĐ-BTNMT,Điều 1,Đo đạc và bản đồ
27497,09/2006/QĐ-BTNMT,Quyết định số 09/2006/QĐ-BTNMT,Điều 1,Đo đạc và bản đồ
27498,11/2006/QĐ-BTNMT,Quyết định số 11/2006/QĐ-BTNMT,Điều 1,Đo đạc và bản đồ
27538,39/2014/TT-BTNMT,Thông tư số 39/2014/TT-BTNMT,Điều 6,Đo đạc và bản đồ
27585,17/2018/TT-BTNMT,Thông tư số 17/2018/TT-BTNMT,Điều 7,Đo đạc và bản đồ
27586,17/2018/TT-BTNMT,Thông tư số 17/2018/TT-BTNMT,Điều 8,Đo đạc và bản đồ
27603,17/2019/TT-BTNMT,Thông tư số 17/2019/TT-BTNMT,Điều 8,Đo đạc và bản đồ
27606,17/2019/TT-BTNMT,Thông tư số 17/2019/TT-BTNMT,Điều 11,Đo đạc và bản đồ
27609,17/2019/TT-BTNMT,Thông tư số 17/2019/TT-BTNMT,Điều 14,Đo đạc và bản đồ
27658,23/2011/TT-BTNMT,Thông tư số 23/2011/TT-BTNMT,Điều 1,Đo đạc và bản đồ
27659,06/2020/TT-BTNMT,Thông tư số 06/2020/TT-BTNMT,Điều 1,Đo đạc và bản đồ
27661,40/2011/TT-BTNMT,Thông tư số 40/2011/TT-BTNMT,Điều 1,Đo đạc và bản đồ
27662,06/2012/TT-BTNMT,Thông tư số 06/2012/TT-BTNMT,Điều 1,Đo đạc và bản đồ
27663,20/2012/TT-BTNMT,Thông tư số 20/2012/TT-BTNMT,Điều 1,Đo đạc và bản đồ
27664,08/2012/TT-BTNMT,Thông tư số 08/2012/TT-BTNMT,Điều 1,Đo đạc và bản đồ
27666,21/2015/TT-BTNMT,Thông tư số 21/2015/TT-BTNMT,Điều 1,Đo đạc và bản đồ
27667,02/2016/TT-BTNMT,Thông tư số 02/2016/TT-BTNMT,Điều 1,Đo đạc và bản đồ
27668,19/2021/TT-BTNMT,Thông tư số 19/2021/TT-BTNMT,Điều 1,Đo đạc và bản đồ
27669,55/2017/TT-BTNMT,Thông tư số 55/2017/TT-BTNMT,Điều 1,Đo đạc và bản đồ
27670,56/2017/TT-BTNMT,Thông tư số 56/2017/TT-BTNMT,Điều 1,Đo đạc và bản đồ
27671,25/2018/TT-BTNMT,Thông tư số 25/2018/TT-BTNMT,Điều 1,Đo đạc và bản đồ
27672,14/2019/TT-BTNMT,Thông tư số 14/2019/TT-BTNMT,Điều 1,Đo đạc và bản đồ
27673,47/2013/TT-BTNMT,Thông tư số 47/2013/TT-BTNMT,Điều 1,Đo đạc và bản đồ
27674,23/2016/TT-BTNMT,Thông tư số 23/2016/TT-BTNMT,Điều 1,Đo đạc và bản đồ
27675,23/2017/TT-BTNMT,Thông tư số 23/2017/TT-BTNMT,Điều 1,Đo đạc và bản đồ
27676,04/2021/TT-BTNMT,Thông tư số 04/2021/TT-BTNMT,Điều 1,Đo đạc và bản đồ
27677,21/2013/TT-BTNMT,Thông tư số 21/2013/TT-BTNMT,Điều 1,Đo đạc và bản đồ
27678,06/2018/TT-BTNMT,Thông tư số 06/2018/TT-BTNMT,Điều 1,Đo đạc và bản đồ
27680,24/2015/TT-BTNMT,Thông tư số 24/2015/TT-BTNMT,Điều 1,Đo đạc và bản đồ
27681,11/2019/TT-BTNMT,Thông tư số 11/2019/TT-BTNMT,Điều 1,Đo đạc và bản đồ
27682,02/2019/TT-BTNMT,Thông tư số 02/2019/TT-BTNMT,Điều 1,Đo đạc và bản đồ
27683,07/2018/TT-BTNMT,Thông tư số 07/2018/TT-BTNMT,Điều 1,Đo đạc và bản đồ
27684,46/2013/TT-BTNMT,Thông tư số 46/2013/TT-BTNMT,Điều 1,Đo đạc và bản đồ
27685,10/2019/TT-BTNMT,Thông tư số 10/2019/TT-BTNMT,Điều 1,Đo đạc và bản đồ
27686,13/2017/TT-BTNMT,Thông tư số 13/2017/TT-BTNMT,Điều 1,Đo đạc và bản đồ
27687,34/2015/TT-BTNMT,Thông tư số 34/2015/TT-BTNMT,Điều 1,Đo đạc và bản đồ
27688,22/2017/TT-BTNMT,Thông tư số 22/2017/TT-BTNMT,Điều 1,Đo đạc và bản đồ
27690,44/2013/TT-BTNMT,Thông tư số 44/2013/TT-BTNMT,Điều 1,Đo đạc và bản đồ
27691,38/2013/TT-BTNMT,Thông tư số 38/2013/TT-BTNMT,Điều 1,Đo đạc và bản đồ
27692,36/2013/TT-BTNMT,Thông tư số 36/2013/TT-BTNMT,Điều 1,Đo đạc và bản đồ
27694,16/2016/TT-BTNMT,Thông tư số 16/2016/TT-BTNMT,Điều 1,Đo đạc và bản đồ
27695,05/2019/TT-BTNMT,Thông tư số 05/2019/TT-BTNMT,Điều 1,Đo đạc và bản đồ
27696,03/2014/TT-BTNMT,Thông tư số 03/2014/TT-BTNMT,Điều 1,Đo đạc và bản đồ
27697,06/2019/TT-BTNMT,Thông tư số 06/2019/TT-BTNMT,Điều 1,Đo đạc và bản đồ
27698,33/2015/TT-BTNMT,Thông tư số 33/2015/TT-BTNMT,Điều 1,Đo đạc và bản đồ
27699,20/2013/TT-BTNMT,Thông tư số 20/2013/TT-BTNMT,Điều 1,Đo đạc và bản đồ
27700,25/2015/TT-BTNMT,Thông tư số 25/2015/TT-BTNMT,Điều 1,Đo đạc và bản đồ
27701,04/2014/TT-BTNMT,Thông tư số 04/2014/TT-BTNMT,Điều 1,Đo đạc và bản đồ
27702,29/2015/TT-BTNMT,Thông tư số 29/2015/TT-BTNMT,Điều 1,Đo đạc và bản đồ
27703,28/2015/TT-BTNMT,Thông tư số 28/2015/TT-BTNMT,Điều 1,Đo đạc và bản đồ
27704,35/2013/TT-BTNMT,Thông tư số 35/2013/TT-BTNMT,Điều 1,Đo đạc và bản đồ
27705,06/2014/TT-BTNMT,Thông tư số 06/2014/TT-BTNMT,Điều 1,Đo đạc và bản đồ
27706,12/2018/TT-BTNMT,Thông tư số 12/2018/TT-BTNMT,Điều 1,Đo đạc và bản đồ
27707,45/2013/TT-BTNMT,Thông tư số 45/2013/TT-BTNMT,Điều 1,Đo đạc và bản đồ
27708,21/2016/TT-BTNMT,Thông tư số 21/2016/TT-BTNMT,Điều 1,Đo đạc và bản đồ
27709,04/2019/TT-BTNMT,Thông tư số 04/2019/TT-BTNMT,Điều 1,Đo đạc và bản đồ
27710,37/2013/TT-BTNMT,Thông tư số 37/2013/TT-BTNMT,Điều 1,Đo đạc và bản đồ
27711,07/2014/TT-BTNMT,Thông tư số 07/2014/TT-BTNMT,Điều 1,Đo đạc và bản đồ
27712,14/2014/TT-BTNMT,Thông tư số 14/2014/TT-BTNMT,Điều 1,Đo đạc và bản đồ
27713,18/2017/TT-BTNMT,Thông tư số 18/2017/TT-BTNMT,Điều 1,Đo đạc và bản đồ
27714,21/2017/TT-BTNMT,Thông tư số 21/2017/TT-BTNMT,Điều 1,Đo đạc và bản đồ
27715,22/2013/TT-BTNMT,Thông tư số 22/2013/TT-BTNMT,Điều 1,Đo đạc và bản đồ
27716,19/2017/TT-BTNMT,Thông tư số 19/2017/TT-BTNMT,Điều 1,Đo đạc và bản đồ
27718,48/2013/TT-BTNMT,Thông tư số 48/2013/TT-BTNMT,Điều 1,Đo đạc và bản đồ
27760,13/2021/TT-BTNMT,Thông tư số 13/2021/TT-BTNMT,Điều 13,Khí tượng thủy văn
27761,13/2021/TT-BTNMT,Thông tư số 13/2021/TT-BTNMT,Điều 14,Khí tượng thủy văn
27772,14/2018/TT-BTNMT,Thông tư số 14/2018/TT-BTNMT,Điều 7,Khí tượng thủy văn
27773,14/2018/TT-BTNMT,Thông tư số 14/2018/TT-BTNMT,Điều 8,Khí tượng thủy văn
27774,14/2018/TT-BTNMT,Thông tư số 14/2018/TT-BTNMT,Điều 9,Khí tượng thủy văn
27790,27/2017/TT-BTNMT,Thông tư số 27/2017/TT-BTNMT,Điều 4,Khí tượng thủy văn
27833,37/2016/TT-BTNMT,Thông tư số 37/2016/TT-BTNMT,Điều 4,Khí tượng thủy văn
27840,38/2016/TT-BTNMT,Thông tư số 38/2016/TT-BTNMT,Điều 4,Khí tượng thủy văn
27841,38/2016/TT-BTNMT,Thông tư số 38/2016/TT-BTNMT,Điều 5,Khí tượng thủy văn
27844,38/2016/TT-BTNMT,Thông tư số 38/2016/TT-BTNMT,Điều 8,Khí tượng thủy văn
27849,39/2016/TT-BTNMT,Thông tư số 39/2016/TT-BTNMT,Điều 6,Khí tượng thủy văn
27884,51/2013/TT-BTNMT,Thông tư số 51/2013/TT-BTNMT,Điều 1,Khí tượng thủy văn
28082,03/2019/NĐ-CP,Nghị định số 03/2019/NĐ-CP,Điều 19,Hoạt động viễn thám
28150,106/2009/QĐ-TTG,Quyết định số 106/2009/QĐ-TTg,Điều 3,Dự trữ quốc gia
28174,22/2012/QH13,Luật số 22/2012/QH13,Điều 22,Dự trữ quốc gia
28245,22/2012/QH13,Luật số 22/2012/QH13,Điều 39,Dự trữ quốc gia
28287,22/2012/QH13,Luật số 22/2012/QH13,Điều 55,Dự trữ quốc gia
28325,130/2014/TT-BTC,Thông tư số 130/2014/TT-BTC,Điều 3,Dự trữ quốc gia
28340,130/2014/TT-BTC,Thông tư số 130/2014/TT-BTC,Điều 18,Dự trữ quốc gia
28372,94/2013/NĐ-CP,Nghị định số 94/2013/NĐ-CP,Điều 21,Dự trữ quốc gia
28449,20/2017/QH14,Luật số 20/2017/QH14,Điều 8,Quản lý nợ công
28555,15/2018/TT-BTC,Thông tư số 15/2018/TT-BTC,Điều 4,Quản lý nợ công
28880,95/2018/NĐ-CP,Nghị định số 95/2018/NĐ-CP,Điều 43,Quản lý nợ công
28911,15/2017/QH14,Luật số 15/2017/QH14,Điều 2,"Quản lý, sử dụng tài sản công"
28913,151/2017/NĐ-CP,Nghị định số 151/2017/NĐ-CP,Điều 2,"Quản lý, sử dụng tài sản công"
28917,129/2017/NĐ-CP,Nghị định số 129/2017/NĐ-CP,Điều 2,"Quản lý, sử dụng tài sản công"
28924,43/2018/NĐ-CP,Nghị định số 43/2018/NĐ-CP,Điều 2,"Quản lý, sử dụng tài sản công"
28939,43/2022/NĐ-CP,Nghị định số 43/2022/NĐ-CP,Điều 2,"Quản lý, sử dụng tài sản công"
28949,158/2016/TT-BTC,Thông tư số 158/2016/TT-BTC,Điều 2,"Quản lý, sử dụng tài sản công"
28970,7/2020/TT-BYT,Thông tư số 7/2020/TT-BYT,Điều 1,"Quản lý, sử dụng tài sản công"
29002,15/2017/QH14,Luật số 15/2017/QH14,Điều 7,"Quản lý, sử dụng tài sản công"
29011,15/2017/QH14,Luật số 15/2017/QH14,Điều 12,"Quản lý, sử dụng tài sản công"
29066,90/2022/NĐ-CP,Nghị định số 90/2022/NĐ-CP,Điều 10,"Quản lý, sử dụng tài sản công"
29072,15/2017/QH14,Luật số 15/2017/QH14,Điều 19,"Quản lý, sử dụng tài sản công"
29098,72/2023/NĐ-CP,Nghị định số 72/2023/NĐ-CP,Điều 4,"Quản lý, sử dụng tài sản công"
29346,165/2017/NĐ-CP,Nghị định số 165/2017/NĐ-CP,Điều 23,"Quản lý, sử dụng tài sản công"
29377,15/2017/QH14,Luật số 15/2017/QH14,Điều 71,"Quản lý, sử dụng tài sản công"
29384,15/2017/QH14,Luật số 15/2017/QH14,Điều 75,"Quản lý, sử dụng tài sản công"
29432,05/2019/TT-BNNPTNT,Thông tư số 05/2019/TT-BNNPTNT,Điều 10,"Quản lý, sử dụng tài sản công"
29707,70/2018/NĐ-CP,Nghị định số 70/2018/NĐ-CP,Điều 13,"Quản lý, sử dụng tài sản công"
29748,29/2018/NĐ-CP,Nghị định số 29/2018/NĐ-CP,Điều 6,"Quản lý, sử dụng tài sản công"
29801,15/2017/QH14,Luật số 15/2017/QH14,Điều 119,"Quản lý, sử dụng tài sản công"
29807,15/2017/QH14,Luật số 15/2017/QH14,Điều 125,"Quản lý, sử dụng tài sản công"
29841,15/2017/QH14,Luật số 15/2017/QH14,Điều 130,"Quản lý, sử dụng tài sản công"
29842,151/2017/NĐ-CP,Nghị định số 151/2017/NĐ-CP,Điều 105,"Quản lý, sử dụng tài sản công"
29939,23/2022/TT-BTC,Thông tư số 23/2022/TT-BTC,Điều 2,"Quản lý và sử dụng viện trợ không hoàn lại không thuộc hỗ trợ phát triển chính thức của các cơ quản, tổ chức, cá nhân nước ngoài dành cho Việt Nam"
30021,02/2014/TTLT-BTP-BTC-BLĐTBXH-NHNNVN,Thông tư liên tịch số 02/2014/TTLT-BTP-BTC-BLĐTBXH-NHNNVN,Điều 2,Thi hành án dân sự
30154,62/2015/NĐ-CP,Nghị định số 62/2015/NĐ-CP,Điều 39,Thi hành án dân sự
30660,183/2019/TT-BQP,Thông tư số 183/2019/TT-BQP,Điều 7,Thi hành án hình sự
30668,55/2021/TT-BTC,Thông tư số 55/2021/TT-BTC,Điều 9,Thi hành án hình sự
31130,35/2015/TT-BTC,Thông tư số 35/2015/TT-BTC,Điều 1,Báo chí
31177,103/2016/QH13,Luật số 103/2016/QH13,Điều 24,Báo chí
31220,06/2016/NĐ-CP,Nghị định số 06/2016/NĐ-CP,Điều 24,Báo chí
31261,08/2017/NĐ-CP,Nghị định số 08/2017/NĐ-CP,Điều 5,Báo chí
31512,231/2016/TT-BTC,Thông tư số 231/2016/TT-BTC,Điều 5,Phí và lệ phí
31582,08/2018/TT-BTC,Thông tư số 08/2018/TT-BTC,Điều 4,Phí và lệ phí
31661,146/2016/TT-BTC,Thông tư số 146/2016/TT-BTC,Điều 3,Phí và lệ phí
31708,246/2016/TT-BTC,Thông tư số 246/2016/TT-BTC,Điều 3,Phí và lệ phí
31737,293/2016/TT-BTC,Thông tư số 293/2016/TT-BTC,Điều 1,Phí và lệ phí
31799,291/2016/TT-BTC,Thông tư số 291/2016/TT-BTC,Điều 4,Phí và lệ phí
31809,144/2016/TT-BTC,Thông tư số 144/2016/TT-BTC,Điều 2,Phí và lệ phí
31868,181/2016/TT-BTC,Thông tư số 181/2016/TT-BTC,Điều 2,Phí và lệ phí
31869,181/2016/TT-BTC,Thông tư số 181/2016/TT-BTC,Điều 3,Phí và lệ phí
31884,204/2016/TT-BTC,Thông tư số 204/2016/TT-BTC,Điều 2,Phí và lệ phí
31885,204/2016/TT-BTC,Thông tư số 204/2016/TT-BTC,Điều 3,Phí và lệ phí
31900,206/2016/TT-BTC,Thông tư số 206/2016/TT-BTC,Điều 2,Phí và lệ phí
32188,216/2016/TT-BTC,Thông tư số 216/2016/TT-BTC,Điều 3,Phí và lệ phí
32205,223/2016/TT-BTC,Thông tư số 223/2016/TT-BTC,Điều 3,Phí và lệ phí
32212,226/2016/TT-BTC,Thông tư số 226/2016/TT-BTC,Điều 3,Phí và lệ phí
32220,244/2016/TT-BTC,Thông tư số 244/2016/TT-BTC,Điều 3,Phí và lệ phí
32398,301/2016/TT-BTC,Thông tư số 301/2016/TT-BTC,Điều 6,Phí và lệ phí
32433,97/2015/QH13,Luật số 97/2015/QH13,Điều 25,Phí và lệ phí
32443,38/2019/QH14,Luật số 38/2019/QH14,Điều 1,Quản lý thuế
32455,235/2009/TTLT,Thông tư liên tịch số 235/2009/TTLT,Điều 2,Quản lý thuế
32474,31/2021/TT-BTC,Thông tư số 31/2021/TT-BTC,Điều 2,Quản lý thuế
32584,38/2019/QH14,Luật số 38/2019/QH14,Điều 24,Quản lý thuế
32935,235/2009/TTLT,Thông tư liên tịch số 235/2009/TTLT,Điều 7,Quản lý thuế
32937,235/2009/TTLT,Thông tư liên tịch số 235/2009/TTLT,Điều 9,Quản lý thuế
32938,235/2009/TTLT,Thông tư liên tịch số 235/2009/TTLT,Điều 10,Quản lý thuế
32951,98/2010/TTLT,Thông tư liên tịch số 98/2010/TTLT,Điều 7,Quản lý thuế
33069,126/2020/NĐ-CP,Nghị định số 126/2020/NĐ-CP,Điều 44,Quản lý thuế
33077,102/2010/TTLT-BTC-NHNN,Thông tư liên tịch số 102/2010/TTLT-BTC-NHNN,Điều 10,Quản lý thuế
33080,146/2010/TTLT,Thông tư liên tịch số 146/2010/TTLT,Điều 9,Quản lý thuế
33086,06/2021/TT-BTC,Thông tư số 06/2021/TT-BTC,Điều 20,Quản lý thuế
33140,69/2012/NĐ-CP,Nghị định số 69/2012/NĐ-CP,Điều 9,Thuế bảo vệ môi trường
33303,82-TC/TCT,Thông tư số 82-TC/TCT,Điều 5,Thuế sử dụng đất nông nghiệp
33312,107/2020/QH14,Nghị quyết số 107/2020/QH14,Điều 2,Thuế sử dụng đất nông nghiệp
33313,31-L/CTN,Pháp lệnh số 31-L/CTN,Điều 3,Thuế sử dụng đất nông nghiệp
33314,31-L/CTN,Pháp lệnh số 31-L/CTN,Điều 4,Thuế sử dụng đất nông nghiệp
33318,74/CP,Nghị định số 74/CP,Điều 31,Thuế sử dụng đất nông nghiệp
33321,84-CP,Nghị định số 84-CP,Điều 11,Thuế sử dụng đất nông nghiệp
33322,84-CP,Nghị định số 84-CP,Điều 12,Thuế sử dụng đất nông nghiệp
33396,44/2017/TT-BTC,Thông tư số 44/2017/TT-BTC,Điều 2,Thuế tài nguyên
33398,45/2009/QH12,Luật số 45/2009/QH12,Điều 2,Thuế tài nguyên
33562,65/2013/NĐ-CP,Nghị định số 65/2013/NĐ-CP,Điều 34,Thuế thu nhập cá nhân
33605,100/2016/NĐ-CP,Nghị định số 100/2016/NĐ-CP,Điều 9,Thuế tiêu thụ đặc biệt
33793,107/2016/QH13,Luật số 107/2016/QH13,Điều 22,"Thuế xuất khẩu, thuế nhập khẩu"
33854,56/2015/TT-BCT,Thông tư số 56/2015/TT-BCT,Điều 3,"Thuế xuất khẩu, thuế nhập khẩu"
33855,14/2017/TT-BKHCN,Thông tư số 14/2017/TT-BKHCN,Điều 10,"Thuế xuất khẩu, thuế nhập khẩu"
34101,35/2020/NĐ-CP,Nghị định số 35/2020/NĐ-CP,Điều 29,Cạnh tranh
34114,05/2017/QH14,Luật số 05/2017/QH14,Điều 2,Quản lý ngoại thương
34132,05/2022/TT-BCT,Thông tư số 05/2022/TT-BCT,Điều 2,Quản lý ngoại thương
34134,69/2018/NĐ-CP,Nghị định số 69/2018/NĐ-CP,Điều 2,Quản lý ngoại thương
34168,15/2018/TT-BCT,Thông tư số 15/2018/TT-BCT,Điều 2,Quản lý ngoại thương
34171,38/2018/TT-BCT,Thông tư số 38/2018/TT-BCT,Điều 2,Quản lý ngoại thương
34173,39/2018/TT-BCT,Thông tư số 39/2018/TT-BCT,Điều 2,Quản lý ngoại thương
34181,03/2019/TT-BCT,Thông tư số 03/2019/TT-BCT,Điều 2,Quản lý ngoại thương
34189,12/2019/TT-BCT,Thông tư số 12/2019/TT-BCT,Điều 2,Quản lý ngoại thương
34193,21/2019/TT-BCT,Thông tư số 21/2019/TT-BCT,Điều 2,Quản lý ngoại thương
34205,04/2020/TT-BCT,Thông tư số 04/2020/TT-BCT,Điều 2,Quản lý ngoại thương
34209,08/2020/TT-BCT,Thông tư số 08/2020/TT-BCT,Điều 2,Quản lý ngoại thương
34217,49/2025/TT-BCT,Thông tư số 49/2025/TT-BCT,Điều 2,Quản lý ngoại thương
34405,38/2018/TT-NHNN,Thông tư số 38/2018/TT-NHNN,Điều 5,Quản lý ngoại thương
34456,07/2012/TT-BVHTTDL,Thông tư số 07/2012/TT-BVHTTDL,Điều 9,Quản lý ngoại thương
34481,47/2018/TT-NHNN,Thông tư số 47/2018/TT-NHNN,Điều 1,Quản lý ngoại thương
34498,10/2009/TT-BCT,Thông tư số 10/2009/TT-BCT,Điều 2,Quản lý ngoại thương
34534,31/2013/TT-BCT,Thông tư số 31/2013/TT-BCT,Điều 1,Quản lý ngoại thương
34536,20/2014/TT-BCT,Thông tư số 20/2014/TT-BCT,Điều 1,Quản lý ngoại thương
34547,31/2015/TT-BCT,Thông tư số 31/2015/TT-BCT,Điều 1,Quản lý ngoại thương
34827,12/2018/TT-BCT,Thông tư số 12/2018/TT-BCT,Điều 5,Quản lý ngoại thương
34994,37/2019/TT-BCT,Thông tư số 37/2019/TT-BCT,Điều 7,Quản lý ngoại thương
35169,11/2019/TT-BCT,Thông tư số 11/2019/TT-BCT,Điều 21,Quản lý ngoại thương
35195,28/2018/NĐ-CP,Nghị định số 28/2018/NĐ-CP,Điều 17,Quản lý ngoại thương
35273,10/2009/TT-BCT,Thông tư số 10/2009/TT-BCT,Điều 13,Quản lý ngoại thương
35276,06/2017/TT-BCT,Thông tư số 06/2017/TT-BCT,Điều 3,Quản lý ngoại thương
35277,28/2009/TT-BCT,Thông tư số 28/2009/TT-BCT,Điều 13,Quản lý ngoại thương
35279,15/2010/TT-BCT,Thông tư số 15/2010/TT-BCT,Điều 13,Quản lý ngoại thương
35280,17/2011/TT-BCT,Thông tư số 17/2011/TT-BCT,Điều 4,Quản lý ngoại thương
35281,07/2012/TT-BVHTTDL,Thông tư số 07/2012/TT-BVHTTDL,Điều 10,Quản lý ngoại thương
35285,28/2012/TT-BCT,Thông tư số 28/2012/TT-BCT,Điều 14,Quản lý ngoại thương
35286,31/2013/TT-BCT,Thông tư số 31/2013/TT-BCT,Điều 3,Quản lý ngoại thương
35287,05/2015/TT-BCT,Thông tư số 05/2015/TT-BCT,Điều 2,Quản lý ngoại thương
35290,26/2018/TT-BCT,Thông tư số 26/2018/TT-BCT,Điều 2,Quản lý ngoại thương
35292,04/2024/TT-BCT,Thông tư số 04/2024/TT-BCT,Điều 3,Quản lý ngoại thương
35299,28/2015/TT-BCT,Thông tư số 28/2015/TT-BCT,Điều 13,Quản lý ngoại thương
35303,42/2018/TT-BCT,Thông tư số 42/2018/TT-BCT,Điều 2,Quản lý ngoại thương
35304,07/2020/TT-BCT,Thông tư số 07/2020/TT-BCT,Điều 2,Quản lý ngoại thương
35309,21/2016/TT-BCT,Thông tư số 21/2016/TT-BCT,Điều 4,Quản lý ngoại thương
35313,10/2019/TT-BCT,Thông tư số 10/2019/TT-BCT,Điều 2,Quản lý ngoại thương
35314,25/2019/TT-BCT,Thông tư số 25/2019/TT-BCT,Điều 2,Quản lý ngoại thương
35324,05/2018/TT-BCT,Thông tư số 05/2018/TT-BCT,Điều 12,Quản lý ngoại thương
35333,15/2018/TT-BCT,Thông tư số 15/2018/TT-BCT,Điều 15,Quản lý ngoại thương
35347,06/2020/TT-BCT,Thông tư số 06/2020/TT-BCT,Điều 2,Quản lý ngoại thương
35363,03/2020/TT-BCT,Thông tư số 03/2020/TT-BCT,Điều 6,Quản lý ngoại thương
35364,04/2020/TT-BCT,Thông tư số 04/2020/TT-BCT,Điều 9,Quản lý ngoại thương
35375,07/2022/TT-BCT,Thông tư số 07/2022/TT-BCT,Điều 15,Quản lý ngoại thương
35388,06/2018/TT-BYT,Thông tư số 06/2018/TT-BYT,Điều 5,Quản lý ngoại thương
35450,54/2019/QH14,Luật số 54/2019/QH14,Điều 5,Chứng khoán
36339,54/2019/QH14,Luật số 54/2019/QH14,Điều 134,Chứng khoán
36346,245/2025/NĐ-CP,Nghị định số 245/2025/NĐ-CP,Điều 4,Chứng khoán
36349,158/2020/NĐ-CP,Nghị định số 158/2020/NĐ-CP,Điều 43,Chứng khoán
36390,10/2022/TT-BTC,Thông tư số 10/2022/TT-BTC,Điều 8,Chứng khoán
36418,87/2018/NĐ-CP,Nghị định số 87/2018/NĐ-CP,Điều 2,Một số hoạt động kinh doanh đặc thù
36475,30/2007/NĐ-CP,Nghị định số 30/2007/NĐ-CP,Điều 7,Một số hoạt động kinh doanh đặc thù
36476,75/2013/TT-BTC,Thông tư số 75/2013/TT-BTC,Điều 6,Một số hoạt động kinh doanh đặc thù
36562,30/2007/NĐ-CP,Nghị định số 30/2007/NĐ-CP,Điều 19,Một số hoạt động kinh doanh đặc thù
36588,30/2007/NĐ-CP,Nghị định số 30/2007/NĐ-CP,Điều 32,Một số hoạt động kinh doanh đặc thù
36872,83/2014/NĐ-CP,Nghị định số 83/2014/NĐ-CP,Điều 36,Một số hoạt động kinh doanh đặc thù
36878,88/2014/NĐ-CP,Nghị định số 88/2014/NĐ-CP,Điều 3,Một số hoạt động kinh doanh đặc thù
36880,88/2014/NĐ-CP,Nghị định số 88/2014/NĐ-CP,Điều 5,Một số hoạt động kinh doanh đặc thù
37223,87/2018/NĐ-CP,Nghị định số 87/2018/NĐ-CP,Điều 11,Một số hoạt động kinh doanh đặc thù
37225,87/2018/NĐ-CP,Nghị định số 87/2018/NĐ-CP,Điều 13,Một số hoạt động kinh doanh đặc thù
37300,30/2018/TT-BCT,Thông tư số 30/2018/TT-BCT,Điều 3,Một số hoạt động kinh doanh đặc thù
37349,95/2021/NĐ-CP,Nghị định số 95/2021/NĐ-CP,Điều 4,Một số hoạt động kinh doanh đặc thù
37358,88/2014/NĐ-CP,Nghị định số 88/2014/NĐ-CP,Điều 48,Một số hoạt động kinh doanh đặc thù
37368,116/2017/NĐ-CP,Nghị định số 116/2017/NĐ-CP,Điều 32,Một số hoạt động kinh doanh đặc thù
37379,107/2018/NĐ-CP,Nghị định số 107/2018/NĐ-CP,Điều 26,Một số hoạt động kinh doanh đặc thù
37399,11/2013/TT-BCT,Thông tư số 11/2013/TT-BCT,Điều 2,Một số hoạt động kinh doanh đặc thù
37401,18/2013/TT-BCT,Thông tư số 18/2013/TT-BCT,Điều 2,Một số hoạt động kinh doanh đặc thù
37406,38/2014/TT-BCT,Thông tư số 38/2014/TT-BCT,Điều 18,Một số hoạt động kinh doanh đặc thù
37420,31/2016/TT-BCT,Thông tư số 31/2016/TT-BCT,Điều 2,Một số hoạt động kinh doanh đặc thù
37429,03/2018/TT-BGTVT,Thông tư số 03/2018/TT-BGTVT,Điều 14,Một số hoạt động kinh doanh đặc thù
37435,30/2018/TT-BCT,Thông tư số 30/2018/TT-BCT,Điều 11,Một số hoạt động kinh doanh đặc thù
37446,05/2020/TT-BGTVT,Thông tư số 05/2020/TT-BGTVT,Điều 17,Một số hoạt động kinh doanh đặc thù
37456,17/2021/TT-BCT,Thông tư số 17/2021/TT-BCT,Điều 3,Một số hoạt động kinh doanh đặc thù
37462,33/2022/NĐ-CP,Nghị định số 33/2022/NĐ-CP,Điều 2,Quản lý thị trường
37465,32/2018/TT-BCT,Thông tư số 32/2018/TT-BCT,Điều 1,Quản lý thị trường
37466,32/2018/TT-BCT,Thông tư số 32/2018/TT-BCT,Điều 2,Quản lý thị trường
37471,20/2019/TT-BCT,Thông tư số 20/2019/TT-BCT,Điều 2,Quản lý thị trường
37473,27/2020/TT-BCT,Thông tư số 27/2020/TT-BCT,Điều 2,Quản lý thị trường
37475,55/2020/TT-BCT,Thông tư số 55/2020/TT-BCT,Điều 2,Quản lý thị trường
37479,02/2022/TT-BCT,Thông tư số 02/2022/TT-BCT,Điều 2,Quản lý thị trường
37641,11/2016/UBTVQH13,Pháp lệnh số 11/2016/UBTVQH13,Điều 45,Quản lý thị trường
37642,11/2016/UBTVQH13,Pháp lệnh số 11/2016/UBTVQH13,Điều 46,Quản lý thị trường
37657,54/2020/TT-BCT,Thông tư số 54/2020/TT-BCT,Điều 3,Quản lý thị trường
37663,20/2021/TT-BCT,Thông tư số 20/2021/TT-BCT,Điều 4,Quản lý thị trường
37879,158/2006/NĐ-CP,Nghị định số 158/2006/NĐ-CP,Điều 28,Thương mại
37885,158/2006/NĐ-CP,Nghị định số 158/2006/NĐ-CP,Điều 34,Thương mại
38317,36/2005/QH11,Luật số 36/2005/QH11,Điều 324,Thương mại
38323,59/2006/NĐ-CP,Nghị định số 59/2006/NĐ-CP,Điều 11,Thương mại
38332,22/2017/NĐ-CP,Nghị định số 22/2017/NĐ-CP,Điều 43,Thương mại
38337,94/2017/NĐ-CP,Nghị định số 94/2017/NĐ-CP,Điều 9,Thương mại
38341,163/2017/NĐ-CP,Nghị định số 163/2017/NĐ-CP,Điều 8,Thương mại
38899,57/2010/NĐ-CP,Nghị định số 57/2010/NĐ-CP,Điều 23,Thủ tục bắt giữ tàu biển
39089,92/2015/QH13,Bộ luật số 92/2015/QH13,Điều 516,Tố tụng dân sự
39119,93/2015/QH13,Luật số 93/2015/QH13,Điều 81,Tố tụng hành chính
39569,124/2018/NĐ-CP,Nghị định số 124/2018/NĐ-CP,Điều 3,Trọng tài thương mại
39618,219/2013/TT-BQP,Thông tư số 219/2013/TT-BQP,Điều 6,"Thi hành tạm giữ, tạm giam"
39636,299/2017/TT-BQP,Thông tư số 299/2017/TT-BQP,Điều 12,Tổ chức cơ quan điều tra hình sự
39647,99/2015/QH13,Luật số 99/2015/QH13,Điều 70,Tổ chức cơ quan điều tra hình sự
39752,96/2016/NĐ-CP,Nghị định số 96/2016/NĐ-CP,Điều 10,"Điều kiện về an ninh, trật tự đối với một số ngành, nghề kinh doanh có điều kiện"
39779,96/2016/NĐ-CP,Nghị định số 96/2016/NĐ-CP,Điều 34,"Điều kiện về an ninh, trật tự đối với một số ngành, nghề kinh doanh có điều kiện"
39823,73/2021/QH14,Luật số 73/2021/QH14,Điều 4,"Phòng, chống ma túy"
39917,73/2021/QH14,Luật số 73/2021/QH14,Điều 44,"Phòng, chống ma túy"
40014,137/2020/NĐ-CP,Nghị định số 137/2020/NĐ-CP,Điều 2,"Quản lý, sử dụng pháo"
40033,137/2020/NĐ-CP,Nghị định số 137/2020/NĐ-CP,Điều 24,"Quản lý, sử dụng pháo"
40443,142/2017/NĐ-CP,Nghị định số 142/2017/NĐ-CP,Điều 15,Xử lý vi phạm hành chính
41101,120/2013/NĐ-CP,Nghị định số 120/2013/NĐ-CP,Điều 22,Xử lý vi phạm hành chính
41185,16/2022/NĐ-CP,Nghị định số 16/2022/NĐ-CP,Điều 49,Xử lý vi phạm hành chính
41209,16/2022/NĐ-CP,Nghị định số 16/2022/NĐ-CP,Điều 73,Xử lý vi phạm hành chính
41214,16/2022/NĐ-CP,Nghị định số 16/2022/NĐ-CP,Điều 78,Xử lý vi phạm hành chính
41215,16/2022/NĐ-CP,Nghị định số 16/2022/NĐ-CP,Điều 79,Xử lý vi phạm hành chính
41255,127/2013/NĐ-CP,Nghị định số 127/2013/NĐ-CP,Điều 19a,Xử lý vi phạm hành chính
41510,04/2021/NĐ-CP,Nghị định số 04/2021/NĐ-CP,Điều 29,Xử lý vi phạm hành chính
41527,144/2013/NĐ-CP,Nghị định số 144/2013/NĐ-CP,Điều 8,Xử lý vi phạm hành chính
41542,144/2013/NĐ-CP,Nghị định số 144/2013/NĐ-CP,Điều 23,Xử lý vi phạm hành chính
41934,144/2021/NĐ-CP,Nghị định số 144/2021/NĐ-CP,Điều 61,Xử lý vi phạm hành chính
42425,192/2013/NĐ-CP,Nghị định số 192/2013/NĐ-CP,Điều 33,Xử lý vi phạm hành chính
42427,192/2013/NĐ-CP,Nghị định số 192/2013/NĐ-CP,Điều 35,Xử lý vi phạm hành chính
42435,192/2013/NĐ-CP,Nghị định số 192/2013/NĐ-CP,Điều 43,Xử lý vi phạm hành chính
42754,06/2017/TT-BGTVT,Thông tư số 06/2017/TT-BGTVT,Điều 4,Xử lý vi phạm hành chính
42819,122/2021/NĐ-CP,Nghị định số 122/2021/NĐ-CP,Điều 53,Xử lý vi phạm hành chính
42838,122/2021/NĐ-CP,Nghị định số 122/2021/NĐ-CP,Điều 72,Xử lý vi phạm hành chính
42996,137/2021/NĐ-CP,Nghị định số 137/2021/NĐ-CP,Điều 59,Xử lý vi phạm hành chính
43183,03/2022/NĐ-CP,Nghị định số 03/2022/NĐ-CP,Điều 10,Xử lý vi phạm hành chính
43192,03/2022/NĐ-CP,Nghị định số 03/2022/NĐ-CP,Điều 19,Xử lý vi phạm hành chính
43203,03/2022/NĐ-CP,Nghị định số 03/2022/NĐ-CP,Điều 30,Xử lý vi phạm hành chính
43284,18/2020/NĐ-CP,Nghị định số 18/2020/NĐ-CP,Điều 12,Xử lý vi phạm hành chính
43373,02/2022/UBTVQH15,Pháp lệnh số 02/2022/UBTVQH15,Điều 37,Xử lý vi phạm hành chính
43374,02/2022/UBTVQH15,Pháp lệnh số 02/2022/UBTVQH15,Điều 38,Xử lý vi phạm hành chính
43375,02/2022/UBTVQH15,Pháp lệnh số 02/2022/UBTVQH15,Điều 39,Xử lý vi phạm hành chính
43406,31/2023/NĐ-CP,Nghị định số 31/2023/NĐ-CP,Điều 26,Xử lý vi phạm hành chính
43526,145/2016/NĐ-CP,Nghị định số 145/2016/NĐ-CP,Điều 3,Xử lý vi phạm hành chính
43528,49/2016/NĐ-CP,Nghị định số 49/2016/NĐ-CP,Điều 5,Xử lý vi phạm hành chính
43530,109/2013/NĐ-CP,Nghị định số 109/2013/NĐ-CP,Điều 46,Xử lý vi phạm hành chính
43552,142/2017/NĐ-CP,Nghị định số 142/2017/NĐ-CP,Điều 70,Xử lý vi phạm hành chính
43554,41/2018/NĐ-CP,Nghị định số 41/2018/NĐ-CP,Điều 73,Xử lý vi phạm hành chính
43559,162/2018/NĐ-CP,Nghị định số 162/2018/NĐ-CP,Điều 41,Xử lý vi phạm hành chính
43566,51/2019/NĐ-CP,Nghị định số 51/2019/NĐ-CP,Điều 37,Xử lý vi phạm hành chính
43636,05/2017/TT-BTC,Thông tư số 05/2017/TT-BTC,Điều 8,Xử lý vi phạm hành chính
43640,08/2018/TT-BGTVT,Thông tư số 08/2018/TT-BGTVT,Điều 4,Xử lý vi phạm hành chính
43667,31/2014/TT-BCA,Thông tư số 31/2014/TT-BCA,Điều 7,Cảnh sát cơ động
43850,168/2017/NĐ-CP,Nghị định số 168/2017/NĐ-CP,Điều 23,Du lịch
43851,168/2017/NĐ-CP,Nghị định số 168/2017/NĐ-CP,Điều 24,Du lịch
43852,168/2017/NĐ-CP,Nghị định số 168/2017/NĐ-CP,Điều 25,Du lịch
43855,168/2017/NĐ-CP,Nghị định số 168/2017/NĐ-CP,Điều 28,Du lịch
43861,09/2017/QH14,Luật số 09/2017/QH14,Điều 54,Du lịch
43899,05/2024/TT-BVHTTDL,Thông tư số 05/2024/TT-BVHTTDL,Điều 1,Du lịch
43927,08/2015/TT-BVHTTDL,Thông tư số 08/2015/TT-BVHTTDL,Điều 1,Điện ảnh
43930,17/2022/TT-BVHTTDL,Thông tư số 17/2022/TT-BVHTTDL,Điều 1,Điện ảnh
43985,05/2022/QH15,Luật số 05/2022/QH15,Điều 17,Điện ảnh
43990,16/2013/TT-BVHTTDL,Thông tư số 16/2013/TT-BVHTTDL,Điều 1,Điện ảnh
44003,08/2015/TT-BVHTTDL,Thông tư số 08/2015/TT-BVHTTDL,Điều 2,Điện ảnh
44004,08/2015/TT-BVHTTDL,Thông tư số 08/2015/TT-BVHTTDL,Điều 3,Điện ảnh
44005,08/2015/TT-BVHTTDL,Thông tư số 08/2015/TT-BVHTTDL,Điều 4,Điện ảnh
44006,08/2015/TT-BVHTTDL,Thông tư số 08/2015/TT-BVHTTDL,Điều 5,Điện ảnh
44007,08/2015/TT-BVHTTDL,Thông tư số 08/2015/TT-BVHTTDL,Điều 6,Điện ảnh
44052,20/2013/TT-BVHTTDL,Thông tư số 20/2013/TT-BVHTTDL,Điều 6,Điện ảnh
44057,05/2022/QH15,Luật số 05/2022/QH15,Điều 49,Điện ảnh
44062,16/2013/TT-BVHTTDL,Thông tư số 16/2013/TT-BVHTTDL,Điều 2,Điện ảnh
44066,20/2013/TT-BVHTTDL,Thông tư số 20/2013/TT-BVHTTDL,Điều 8,Điện ảnh
44069,08/2015/TT-BVHTTDL,Thông tư số 08/2015/TT-BVHTTDL,Điều 9,Điện ảnh
44070,03/2020/TT-BVHTTDL,Thông tư số 03/2020/TT-BVHTTDL,Điều 13,Điện ảnh
44073,19/2022/TT-BVHTTDL,Thông tư số 19/2022/TT-BVHTTDL,Điều 10,Điện ảnh
44083,20/2013/TT-BVHTTDL,Thông tư số 20/2013/TT-BVHTTDL,Điều 7,Điện ảnh
44219,09/2015/TT-BYT,Thông tư số 09/2015/TT-BYT,Điều 14,Quảng cáo
44248,04/2018/TT-BXD,Thông tư số 04/2018/TT-BXD,Điều 1,Quảng cáo
44259,16/2012/QH13,Luật số 16/2012/QH13,Điều 43,Quảng cáo
44317,07/2021/TT-BVHTTDL,Thông tư số 07/2021/TT-BVHTTDL,Điều 2,"Thể dục, thể thao"
44437,77/2006/QH11,Luật số 77/2006/QH11,Điều 34,"Thể dục, thể thao"
44442,77/2006/QH11,Luật số 77/2006/QH11,Điều 37,"Thể dục, thể thao"
44502,77/2006/QH11,Luật số 77/2006/QH11,Điều 59,"Thể dục, thể thao"
44505,77/2006/QH11,Luật số 77/2006/QH11,Điều 60,"Thể dục, thể thao"
44508,77/2006/QH11,Luật số 77/2006/QH11,Điều 64,"Thể dục, thể thao"
44516,77/2006/QH11,Luật số 77/2006/QH11,Điều 71,"Thể dục, thể thao"
44524,77/2006/QH11,Luật số 77/2006/QH11,Điều 73,"Thể dục, thể thao"
44536,63/2013/TT-BQP,Thông tư số 63/2013/TT-BQP,Điều 10,"Thể dục, thể thao"
44585,01/2003/QĐ-BGDĐT,Quyết định số 01/2003/QĐ-BGDĐT,Điều 1,Thư viện
44597,01/2020/TT-BVHTTDL,Thông tư số 01/2020/TT-BVHTTDL,Điều 3,Thư viện
44635,46/2019/QH14,Luật số 46/2019/QH14,Điều 35,Thư viện
44639,46/2019/QH14,Luật số 46/2019/QH14,Điều 37,Thư viện
44649,46/2019/QH14,Luật số 46/2019/QH14,Điều 46,Thư viện
45229,13/2014/TTLT-BYT-BNNPTNT-BCT,Thông tư liên tịch số 13/2014/TTLT-BYT-BNNPTNT-BCT,Điều 2,An toàn thực phẩm
45308,42/2013/TTLT-BNNPTNT-BTC-BKHĐT,Thông tư liên tịch số 42/2013/TTLT-BNNPTNT-BTC-BKHĐT,Điều 6,An toàn thực phẩm
45362,24/2013/TT-BYT,Thông tư số 24/2013/TT-BYT,Điều 1,An toàn thực phẩm
45406,44/2015/TT-BYT,Thông tư số 44/2015/TT-BYT,Điều 2,An toàn thực phẩm
45443,17/2011/TT-BYT,Thông tư số 17/2011/TT-BYT,Điều 1,An toàn thực phẩm
45519,77/2016/NĐ-CP,Nghị định số 77/2016/NĐ-CP,Điều 35,An toàn thực phẩm
45521,77/2016/NĐ-CP,Nghị định số 77/2016/NĐ-CP,Điều 39,An toàn thực phẩm
45554,43/2018/TT-BCT,Thông tư số 43/2018/TT-BCT,Điều 4,An toàn thực phẩm
45555,43/2018/TT-BCT,Thông tư số 43/2018/TT-BCT,Điều 5,An toàn thực phẩm
45603,48/2013/TT-BNNPTNT,Thông tư số 48/2013/TT-BNNPTNT,Điều 16,An toàn thực phẩm
45667,3235/2004/QĐ-BYT,Quyết định số 3235/2004/QĐ-BYT,Điều 1,An toàn thực phẩm
45670,13/2011/TT-BYT,Thông tư số 13/2011/TT-BYT,Điều 5,An toàn thực phẩm
45671,13/2011/TT-BYT,Thông tư số 13/2011/TT-BYT,Điều 6,An toàn thực phẩm
45675,13/2011/TT-BYT,Thông tư số 13/2011/TT-BYT,Điều 10,An toàn thực phẩm
45677,13/2011/TT-BYT,Thông tư số 13/2011/TT-BYT,Điều 12,An toàn thực phẩm
45679,13/2011/TT-BYT,Thông tư số 13/2011/TT-BYT,Điều 14,An toàn thực phẩm
45680,13/2011/TT-BYT,Thông tư số 13/2011/TT-BYT,Điều 15,An toàn thực phẩm
45681,13/2011/TT-BYT,Thông tư số 13/2011/TT-BYT,Điều 16,An toàn thực phẩm
45727,02/2013/TT-BNNPTNT,Thông tư số 02/2013/TT-BNNPTNT,Điều 6,An toàn thực phẩm
45771,39/2006/QĐ-BYT,Quyết định số 39/2006/QĐ-BYT,Điều 1,An toàn thực phẩm
45900,08/2016/TT-BNNPTNT,Thông tư số 08/2016/TT-BNNPTNT,Điều 24,An toàn thực phẩm
45930,100/2014/NĐ-CP,Nghị định số 100/2014/NĐ-CP,Điều 16,An toàn thực phẩm
45932,09/2016/NĐ-CP,Nghị định số 09/2016/NĐ-CP,Điều 11,An toàn thực phẩm
45953,14/2010/TT-BYT,Thông tư số 14/2010/TT-BYT,Điều 2,An toàn thực phẩm
45955,15/2010/TT-BYT,Thông tư số 15/2010/TT-BYT,Điều 2,An toàn thực phẩm
45957,16/2010/TT-BYT,Thông tư số 16/2010/TT-BYT,Điều 2,An toàn thực phẩm
45959,17/2010/TT-BYT,Thông tư số 17/2010/TT-BYT,Điều 2,An toàn thực phẩm
45961,18/2010/TT-BYT,Thông tư số 18/2010/TT-BYT,Điều 2,An toàn thực phẩm
45963,19/2010/TT-BYT,Thông tư số 19/2010/TT-BYT,Điều 2,An toàn thực phẩm
45965,20/2010/TT-BYT,Thông tư số 20/2010/TT-BYT,Điều 2,An toàn thực phẩm
45967,21/2010/TT-BYT,Thông tư số 21/2010/TT-BYT,Điều 2,An toàn thực phẩm
45969,22/2010/TT-BYT,Thông tư số 22/2010/TT-BYT,Điều 2,An toàn thực phẩm
45971,23/2010/TT-BYT,Thông tư số 23/2010/TT-BYT,Điều 2,An toàn thực phẩm
45973,24/2010/TT-BYT,Thông tư số 24/2010/TT-BYT,Điều 2,An toàn thực phẩm
45975,25/2010/TT-BYT,Thông tư số 25/2010/TT-BYT,Điều 2,An toàn thực phẩm
45977,26/2010/TT-BYT,Thông tư số 26/2010/TT-BYT,Điều 2,An toàn thực phẩm
45979,27/2010/TT-BYT,Thông tư số 27/2010/TT-BYT,Điều 2,An toàn thực phẩm
45981,28/2010/TT-BYT,Thông tư số 28/2010/TT-BYT,Điều 2,An toàn thực phẩm
45983,30/2010/TT-BYT,Thông tư số 30/2010/TT-BYT,Điều 2,An toàn thực phẩm
45985,31/2010/TT-BYT,Thông tư số 31/2010/TT-BYT,Điều 2,An toàn thực phẩm
45987,32/2010/TT-BYT,Thông tư số 32/2010/TT-BYT,Điều 2,An toàn thực phẩm
45989,33/2010/TT-BYT,Thông tư số 33/2010/TT-BYT,Điều 2,An toàn thực phẩm
45991,34/2010/TT-BYT,Thông tư số 34/2010/TT-BYT,Điều 2,An toàn thực phẩm
45993,35/2010/TT-BYT,Thông tư số 35/2010/TT-BYT,Điều 2,An toàn thực phẩm
45995,37/2010/TT-BNNPTNT,Thông tư số 37/2010/TT-BNNPTNT,Điều 2,An toàn thực phẩm
45997,41/2010/TT-BYT,Thông tư số 41/2010/TT-BYT,Điều 2,An toàn thực phẩm
46003,01/2011/TT-BYT,Thông tư số 01/2011/TT-BYT,Điều 2,An toàn thực phẩm
46005,02/2011/TT-BYT,Thông tư số 02/2011/TT-BYT,Điều 2,An toàn thực phẩm
46007,03/2011/TT-BYT,Thông tư số 03/2011/TT-BYT,Điều 2,An toàn thực phẩm
46009,05/2011/TT-BYT,Thông tư số 05/2011/TT-BYT,Điều 2,An toàn thực phẩm
46011,13/2011/TT-BYT,Thông tư số 13/2011/TT-BYT,Điều 17,An toàn thực phẩm
46017,34/2011/TT-BYT,Thông tư số 34/2011/TT-BYT,Điều 2,An toàn thực phẩm
46022,05/2012/TT-BYT,Thông tư số 05/2012/TT-BYT,Điều 2,An toàn thực phẩm
46027,06/2018/TT-BNNPTN,Thông tư số 06/2018/TT-BNNPTN,Điều 4,An toàn thực phẩm
46028,53/2012/TT-BNNPTNT,Thông tư số 53/2012/TT-BNNPTNT,Điều 3,An toàn thực phẩm
46029,20/2012/TT-BYT,Thông tư số 20/2012/TT-BYT,Điều 2,An toàn thực phẩm
46031,21/2012/TT-BYT,Thông tư số 21/2012/TT-BYT,Điều 2,An toàn thực phẩm
46033,22/2012/TT-BYT,Thông tư số 22/2012/TT-BYT,Điều 2,An toàn thực phẩm
46035,23/2012/TT-BYT,Thông tư số 23/2012/TT-BYT,Điều 2,An toàn thực phẩm
46037,02/2013/TT-BNNPTNT,Thông tư số 02/2013/TT-BNNPTNT,Điều 34,An toàn thực phẩm
46039,11/2013/TT-BYT,Thông tư số 11/2013/TT-BYT,Điều 8,An toàn thực phẩm
46050,40/2013/TT-BCT,Thông tư số 40/2013/TT-BCT,Điều 19,An toàn thực phẩm
46063,17/2023/TT-BYT,Thông tư số 17/2023/TT-BYT,Điều 10,An toàn thực phẩm
46068,51/2014/TT-BNNPTNT,Thông tư số 51/2014/TT-BNNPTNT,Điều 14,An toàn thực phẩm
46076,35/2015/TT-BYT,Thông tư số 35/2015/TT-BYT,Điều 2,An toàn thực phẩm
46080,46/2015/TT-BYT,Thông tư số 46/2015/TT-BYT,Điều 2,An toàn thực phẩm
46082,47/2015/TT-BYT,Thông tư số 47/2015/TT-BYT,Điều 2,An toàn thực phẩm
46084,48/2015/TT-BYT,Thông tư số 48/2015/TT-BYT,Điều 12,An toàn thực phẩm
46092,03/2017/TT-BNNPTNT,Thông tư số 03/2017/TT-BNNPTNT,Điều 2,An toàn thực phẩm
46101,16/2019/TT-BYT,Thông tư số 16/2019/TT-BYT,Điều 2,An toàn thực phẩm
46110,25/2019/TT-BYT,Thông tư số 25/2019/TT-BYT,Điều 8,An toàn thực phẩm
46113,31/2020/TT-BYT,Thông tư số 31/2020/TT-BYT,Điều 2,An toàn thực phẩm
46120,29/2023/TT-BYT,Thông tư số 29/2023/TT-BYT,Điều 7,An toàn thực phẩm
46127,31/2023/TT-BYT,Thông tư số 31/2023/TT-BYT,Điều 5,An toàn thực phẩm
46277,105/2016/QH13,Luật số 105/2016/QH13,Điều 11,Dược
46301,54/2017/NĐ-CP,Nghị định số 54/2017/NĐ-CP,Điều 22,Dược
46308,02/2018/TT-BYT,Thông tư số 02/2018/TT-BYT,Điều 3,Dược
46939,75/2006/QH11,Luật số 75/2006/QH11,Điều 1,"Hiến, lấy, ghép mô, bộ phận cơ thể người và hiến, lấy xác"
46955,56/2008/NĐ-CP,Nghị định số 56/2008/NĐ-CP,Điều 2a,"Hiến, lấy, ghép mô, bộ phận cơ thể người và hiến, lấy xác"
46966,56/2008/NĐ-CP,Nghị định số 56/2008/NĐ-CP,Điều 12,"Hiến, lấy, ghép mô, bộ phận cơ thể người và hiến, lấy xác"
47110,26/2017/TT-BYT,Thông tư số 26/2017/TT-BYT,Điều 6,"Phòng, chống bệnh truyền nhiễm"
47135,03/2007/QH12,Luật số 03/2007/QH12,Điều 61,"Phòng, chống bệnh truyền nhiễm"
47235,90/2016/NĐ-CP,Nghị định số 90/2016/NĐ-CP,Điều 23,"Phòng, chống nhiễm vi rút gây ra hội chứng suy giảm miễn dịch mắc phải ở người"
47289,64/2006/QH11,Luật số 64/2006/QH11,Điều 43,"Phòng, chống nhiễm vi rút gây ra hội chứng suy giảm miễn dịch mắc phải ở người"
47359,25/2018/TT-BVHTTDL,Thông tư số 25/2018/TT-BVHTTDL,Điều 2,"Phòng, chống tác hại của thuốc lá"
47496,20/2018/QĐ-TTG,Quyết định số 20/2018/QĐ-TTg,Điều 5,"Phòng, chống tác hại của thuốc lá"
47612,105/2017/NĐ-CP,Nghị định số 105/2017/NĐ-CP,Điều 8,"Phòng, chống tác hại của rượu, bia"
47715,06/2022/TT-BYT,Thông tư số 06/2022/TT-BYT,Điều 1,Quản lý trang thiết bị y tế
47760,05/2022/TT-BYT,Thông tư số 05/2022/TT-BYT,Điều 5,Quản lý trang thiết bị y tế
